name;id;image;searched on twitter;twitter image;twitter;twitter description;Bestätigt
Adrien Morenas;Q30498482;http://commons.wikimedia.org/wiki/Special:FilePath/Tour%20de%20France%20de%20l%27%C3%A9galit%C3%A9%20femmes-hommes%20-%20Adrien%20Morenas%201%20%28cropped%29.jpg;FALSCH;;AdrienMorenas;;WAHR
Adrien Quatennens;Q30385935;http://commons.wikimedia.org/wiki/Special:FilePath/Adrien%20Quatennens.jpg;FALSCH;;AQuatennens;;WAHR
Agnès Firmin-Le Bodo;Q30349300;http://commons.wikimedia.org/wiki/Special:FilePath/Agn%C3%A8s%20Firmin%20Le%20Bodo.jpg;FALSCH;;agnesfirmin;;WAHR
Agnès Thill;Q30513192;http://commons.wikimedia.org/wiki/Special:FilePath/Paris%20-%20Manifestation%20%C2%AB%20Marchons%20Enfants%20%C2%BB%20contre%20la%20PMA%20et%20la%20GPA%20-%2068.jpg;FALSCH;;ThillAgnes;;WAHR
Aina Kuric;Q30349775;http://commons.wikimedia.org/wiki/Special:FilePath/Aina%20Kuric.jpg;FALSCH;;ainakuric;;WAHR
Alain Bruneel;Q30351244;http://commons.wikimedia.org/wiki/Special:FilePath/Alain%20Bruneel.jpg;FALSCH;;alain_bruneel;;WAHR
Alain David;Q30447134;http://commons.wikimedia.org/wiki/Special:FilePath/Alain%20David.jpg;FALSCH;;AlainDavid_AN;;WAHR
Alain Perea;Q30339328;http://commons.wikimedia.org/wiki/Special:FilePath/Alain%20P%C3%A9r%C3%A9a%20d%C3%A9put%C3%A9%20de%20l%27Aude.jpg;FALSCH;;PereaAlain;;WAHR
Alain Ramadier;Q30386100;http://commons.wikimedia.org/wiki/Special:FilePath/Alain%20Ramadier.jpg;FALSCH;;alainramadier;;WAHR
Alain Tourret;Q2830328;http://commons.wikimedia.org/wiki/Special:FilePath/Alain%20Tourret%20%C3%A0%20l%27Assembl%C3%A9e%20g%C3%A9n%C3%A9rale%20des%20maires%20du%20Calvados.jpg;FALSCH;;AlainTourret;;WAHR
Albane Gaillot;Q30527240;http://commons.wikimedia.org/wiki/Special:FilePath/Albane-gaillot-2.jpg;FALSCH;;AlbaneGaillot;;WAHR
Alexandra Louis;Q28914642;http://commons.wikimedia.org/wiki/Special:FilePath/Alexandra%20Louis.jpg;FALSCH;;ALouisMars;;WAHR
Alexandra Valetta Ardisson;Q30339214;http://commons.wikimedia.org/wiki/Special:FilePath/Alexandra%20Valetta-Ardisson.jpg;FALSCH;;A_Ardisson;;WAHR
Alexandre Freschi;Q30504358;;FALSCH;;AVFreschi;;WAHR
Alexandre Holroyd;Q30344304;http://commons.wikimedia.org/wiki/Special:FilePath/Alexandre%20Holroyd%2016333%20AN.jpg;FALSCH;;alexIholroyd;;WAHR
Alexis Corbière;Q2834481;http://commons.wikimedia.org/wiki/Special:FilePath/Alexis%20Corbi%C3%A8re%20Jardin%204colonnes.jpg;FALSCH;;alexiscorbiere;;WAHR
Alice Thourot;Q30391746;http://commons.wikimedia.org/wiki/Special:FilePath/Alice%20Thourot.jpg;FALSCH;;;;WAHR
Amal-Amélia Lakrafi;Q30345381;http://commons.wikimedia.org/wiki/Special:FilePath/Amal%20Am%C3%A9lia%20Lakrafi%20d%C3%A9put%C3%A9%20Assembl%C3%A9e%20nationale.jpg;FALSCH;;Amelia_LKF;;WAHR
André Chassaigne;Q517765;http://commons.wikimedia.org/wiki/Special:FilePath/Andr%C3%A9%20Chassaigne%20%C3%A0%20la%20foire%20du%20livre%202010%20de%20Brive%20la%20Gaillarde.JPG;FALSCH;;AndreChassaigne;;WAHR
André Villiers;Q2848786;http://commons.wikimedia.org/wiki/Special:FilePath/Andr%C3%A9%20Villiers.jpg;FALSCH;;AVilliers2017;;WAHR
Anissa Khedher;Q30342575;http://commons.wikimedia.org/wiki/Special:FilePath/Anissa%20Khedher.jpg;FALSCH;;Anissa_Khedher;;WAHR
Annaïg Le Meur;Q30339292;http://commons.wikimedia.org/wiki/Special:FilePath/Anna%C3%AFg%20Le%20Meur%2002.jpg;FALSCH;;AnnaigLeMeur_29;;WAHR
Anne Blanc;Q30339410;;FALSCH;;AnneBlanc_12;;WAHR
Anne Brugnera;Q30337836;http://commons.wikimedia.org/wiki/Special:FilePath/Anne%20Brugnera.jpg;FALSCH;;annebrugnera;;WAHR
Anne Genetet;Q30339280;http://commons.wikimedia.org/wiki/Special:FilePath/Anne%20Genetet.jpg;FALSCH;;AGenetet;;WAHR
Anne-Christine Lang;Q16467685;http://commons.wikimedia.org/wiki/Special:FilePath/Anne%20christine%20lang%20AN%2016541.JPG;FALSCH;;AChristine_Lang;;WAHR
Anne-France Brunet;Q30337139;http://commons.wikimedia.org/wiki/Special:FilePath/Anne-France%20Brunet%20%28cropped%29.png;FALSCH;;AFBrunet_4403;;WAHR
Anne-Laure Blin;Q99627308;;FALSCH;;annelaureblin;;WAHR
Anne-Laure Cattelot;Q30339379;http://commons.wikimedia.org/wiki/Special:FilePath/Anne%20laure%20cattelot%20image.jpg;FALSCH;;ALCattelot;;WAHR
Anne-Laurence Petel;Q30334715;http://commons.wikimedia.org/wiki/Special:FilePath/Portrait%20Anne-Laurence%20Petel.jpg;FALSCH;;al_petel;;WAHR
Annie Chapelier;Q30420910;http://commons.wikimedia.org/wiki/Special:FilePath/Annie%20Chapelier.jpg;FALSCH;;;;WAHR
Annie Genevard;Q2414678;http://commons.wikimedia.org/wiki/Special:FilePath/Annie%20Genevard%2016665.jpg;FALSCH;;AnnieGenevard;;WAHR
Annie Vidal;Q30339397;http://commons.wikimedia.org/wiki/Special:FilePath/Annie%20Vidal%20palais%20Bourbon%2018926.jpg;FALSCH;;Vidal7602;;WAHR
Anthony Cellier;Q30419094;;FALSCH;;anthonycellier;;WAHR
Antoine Herth;Q2854054;http://commons.wikimedia.org/wiki/Special:FilePath/AHerth.jpg;FALSCH;;;;WAHR
Antoine Savignat;Q47691216;;FALSCH;;antoine7595;;WAHR
Aude Amadou;Q30339242;http://commons.wikimedia.org/wiki/Special:FilePath/4L3A3399.jpg;FALSCH;;AudeAmadou;;WAHR
Aude Bono-Vandorme;Q30339116;http://commons.wikimedia.org/wiki/Special:FilePath/Aude%20Bono-Vandorme.jpg;FALSCH;;AudeBono;;WAHR
Aude Luquet;Q30376630;http://commons.wikimedia.org/wiki/Special:FilePath/AuDe%20Luquet%20SC09344.jpg;FALSCH;;AudeLuquet2017;;WAHR
Audrey Dufeu-Schubert;Q30506159;http://commons.wikimedia.org/wiki/Special:FilePath/Audrey%20Dufeu-Schubert.jpg;FALSCH;;audreydufeu;;WAHR
Aurélien Pradié;Q30351657;http://commons.wikimedia.org/wiki/Special:FilePath/Aur%C3%A9lien%20Pradi%C3%A9%20-%20July%202017%20-%20Assembl%C3%A9e%20Nationale.jpg;FALSCH;;AurelienPradie;;WAHR
Aurélien Taché;Q30390884;;FALSCH;;Aurelientache;;WAHR
Aurore Bergé;Q29570183;http://commons.wikimedia.org/wiki/Special:FilePath/Aurore-Berg%C3%A92.jpg;FALSCH;;auroreberge;;WAHR
Barbara Bessot-Ballot;Q30339119;http://commons.wikimedia.org/wiki/Special:FilePath/Barbara-Ballot.jpg;FALSCH;;B_BessotBallot;;WAHR
Bastien Coriton;Q63766062;;WAHR;https://pbs.twimg.com/profile_images/869936952765710337/LpBBgnPQ_normal.jpg;BastienCoriton;Maire de Rives-en-Seine • Conseiller Départemental du Canton de Notre-Dame-de-Gravenchon • bastien.coriton@seinemaritime.fr #Circo7605;WAHR
Bastien Lachaud;Q30349862;http://commons.wikimedia.org/wiki/Special:FilePath/Bastien%20Lachaud%20en%202017.jpg;FALSCH;;LachaudB;;WAHR
Béatrice Descamps;Q30540280;http://commons.wikimedia.org/wiki/Special:FilePath/Beatrice-Descamps.jpg;FALSCH;;beadescamps;;WAHR
Béatrice Piron;Q30385652;http://commons.wikimedia.org/wiki/Special:FilePath/B%C3%A9atrice%20Piron%2002.jpg;FALSCH;;BeatricePiron;;WAHR
Belkhir Belhaddad;Q30348849;;FALSCH;;b_belhaddad;;WAHR
Bénédicte Pételle;Q61014236;http://commons.wikimedia.org/wiki/Special:FilePath/Portrait%20B%C3%A9n%C3%A9dicte.jpg;FALSCH;;DeputeeBPetelle;;WAHR
Bénédicte Peyrol;Q30339190;;FALSCH;;B_Peyrol;;WAHR
Bénédicte Taurine;Q30339248;http://commons.wikimedia.org/wiki/Special:FilePath/Benedicte%20Taurine%20palais%20Bourbon%2018972.jpg;FALSCH;;BenedictTaurine;;WAHR
Benjamin Dirx;Q30453472;http://commons.wikimedia.org/wiki/Special:FilePath/Benjamin%20DIRX%20d%C3%A9put%C3%A9.png;FALSCH;;BenjaminDirx;;WAHR
Benjamin Griveaux;Q29210910;http://commons.wikimedia.org/wiki/Special:FilePath/Benjamin%20Griveaux%20%2840581872673%29.jpg;FALSCH;;BGriveaux;;WAHR
Benoît Potterie;Q30343446;http://commons.wikimedia.org/wiki/Special:FilePath/Beno%C3%AEt%20Potterie%2002.jpg;FALSCH;;BenoitPotterie;;WAHR
Benoit Simian;Q30517132;http://commons.wikimedia.org/wiki/Special:FilePath/Benoit%20Simian%20salle%204%20colonnes%2019323.jpg;FALSCH;;BenoitSimian;;WAHR
Bérangère Couillard;Q30440777;http://commons.wikimedia.org/wiki/Special:FilePath/B%C3%A9rang%C3%A8re%20Couillard.jpg http://commons.wikimedia.org/wiki/Special:FilePath/B%C3%A9rang%C3%A8re%20Couillard.jpg;FALSCH;;BCouillard33;;WAHR
Bérengère Poletti;Q2114685;http://commons.wikimedia.org/wiki/Special:FilePath/Berengere-Poletti.jpg;FALSCH;;Poletti_B;;WAHR
Bernard Brochand;Q2897604;http://commons.wikimedia.org/wiki/Special:FilePath/Bernard%20Brochand.jpg;WAHR;;;;WAHR
Bernard Deflesselles;Q892174;;FALSCH;;BDeflesselles;;WAHR
Bernard Perrut;Q12931;http://commons.wikimedia.org/wiki/Special:FilePath/Bernard%20Perrut.jpg;FALSCH;;B_Perrut;;WAHR
Bernard Reynès;Q822671;;FALSCH;;bernardreynes;;WAHR
Bertrand Bouyx;Q30349021;http://commons.wikimedia.org/wiki/Special:FilePath/Bertrand%20Bouyx.jpg;FALSCH;;BertrandBouyx;;WAHR
Bertrand Pancher;Q2899644;http://commons.wikimedia.org/wiki/Special:FilePath/Bertrand%20Pancher.jpg;FALSCH;;BertrandPancher;;WAHR
Bertrand Sorre;Q30390636;http://commons.wikimedia.org/wiki/Special:FilePath/Photo%20portrait%20B%20Sorre.jpg;FALSCH;;BertrandSorre;;WAHR
Blandine Brocard;Q30337966;;FALSCH;;BBrocard;;WAHR
Boris Vallaud;Q29021094;;FALSCH;;BorisVallaud;;WAHR
Brahim Hammouche;Q30349429;http://commons.wikimedia.org/wiki/Special:FilePath/Brahim%20Hammouche%2002.jpg;FALSCH;;BHammouche5708;;WAHR
Brigitte Bourguignon;Q2925411;http://commons.wikimedia.org/wiki/Special:FilePath/Brigitte%20Bourguignon.jpg;FALSCH;;BrigBourguignon;;WAHR
Brigitte Klinkert;Q63764562;http://commons.wikimedia.org/wiki/Special:FilePath/Brigitte%20Klinkert%20en%202021.jpg;FALSCH;;KlinkertBrigitt;;WAHR
Brigitte Kuster;Q2925440;http://commons.wikimedia.org/wiki/Special:FilePath/Brigitte%20Kuster.jpg;FALSCH;;brigitte_kuster;;WAHR
Brigitte Liso;Q30339375;http://commons.wikimedia.org/wiki/Special:FilePath/Brigitte%20Liso%2C%20D%C3%A9put%C3%A9e%20du%20la%204e%20circonscription%20du%20Nord.jpg;FALSCH;;brigitte_liso;;WAHR
Bruno Bilde;Q19606880;;FALSCH;;BrunoBilde;;WAHR
Bruno Bonnell;Q2926654;http://commons.wikimedia.org/wiki/Special:FilePath/Bruno%20Bonnell%2002.jpg;FALSCH;;BrunoBonnellOff;;WAHR
Bruno Duvergé;Q30493489;http://commons.wikimedia.org/wiki/Special:FilePath/Bruno%20Duverg%C3%A9.jpg;FALSCH;;BrunoDuverge;;WAHR
Bruno Fuchs;Q30526465;;FALSCH;;bruno_fuchs;;WAHR
Bruno Joncour;Q2926845;http://commons.wikimedia.org/wiki/Special:FilePath/Joncour.jpg;FALSCH;;BJoncour;;WAHR
Bruno Millienne;Q30339356;;FALSCH;;BrunoMillienne;;WAHR
Bruno Questel;Q30503206;http://commons.wikimedia.org/wiki/Special:FilePath/Bruno%20Questel.jpg;FALSCH;;BQuestel;;WAHR
Bruno Studer;Q30538517;http://commons.wikimedia.org/wiki/Special:FilePath/Bruno%20Studer%2003.jpg;FALSCH;;;;WAHR
Buon Tan;Q30391048;;FALSCH;;BuonTAN;;WAHR
Camille Galliard-Minier;Q85328250;;FALSCH;;galliardm;;WAHR
Carole Bureau-Bonnard;Q30341815;http://commons.wikimedia.org/wiki/Special:FilePath/Carole%20Bureau-Bonnard.jpg;FALSCH;;CaroleBBonnard;;WAHR
Carole Grandjean;Q30512501;http://commons.wikimedia.org/wiki/Special:FilePath/Carole%20Grandjean.jpg;FALSCH;;CGrandjean_;;WAHR
Caroline Abadie;Q30338805;http://commons.wikimedia.org/wiki/Special:FilePath/Photo%20Caroline%20ABADIE.jpg;FALSCH;;AbadieCaroline;;WAHR
Caroline Fiat;Q30349279;http://commons.wikimedia.org/wiki/Special:FilePath/Caroline%20Fiat-2.jpg;FALSCH;;CarolineFiat54;;WAHR
Caroline Janvier;Q30339795;http://commons.wikimedia.org/wiki/Special:FilePath/Caroline%20Janvier.jpg;FALSCH;;CarolineJanvier;;WAHR
Catherine Fabre;Q30335160;http://commons.wikimedia.org/wiki/Special:FilePath/Catherine%20Fabre.jpg;FALSCH;;cfabreAN;;WAHR
Catherine Kamowski;Q30349529;http://commons.wikimedia.org/wiki/Special:FilePath/Catherine%20Kamowski%20p.jpg;FALSCH;;CKamowski;;WAHR
Catherine Osson;Q30339188;http://commons.wikimedia.org/wiki/Special:FilePath/Catherine-Osson.jpg;FALSCH;;OssonCatherine;;WAHR
Catherine Pujol;Q97164708;http://commons.wikimedia.org/wiki/Special:FilePath/Pujol%20d%C3%A9put%C3%A9e.jpg;FALSCH;;CatherinePUJOL1;;WAHR
Cathy Racon-Bouzon;Q30335033;;FALSCH;;RaconCathy;;WAHR
Cécile Delpirou;Q97038480;http://commons.wikimedia.org/wiki/Special:FilePath/CecileDelpirou.jpg;FALSCH;;c_delpirou;;WAHR
Cécile Muschotti;Q30335328;http://commons.wikimedia.org/wiki/Special:FilePath/C%C3%A9cile%20Muschotti.jpg;FALSCH;;CMUSCHOTTI;;WAHR
Cécile Rilhac;Q30387980;;FALSCH;;Cecile_Rilhac;;WAHR
Cécile Untermaier;Q3009791;http://commons.wikimedia.org/wiki/Special:FilePath/DeputeXIVeLegVeRep-Cecile%20Untermaier1.jpg;FALSCH;;ceciluntermaier;;WAHR
Cédric Roussel;Q30339209;http://commons.wikimedia.org/wiki/Special:FilePath/C%C3%A9dric%20Roussel.jpg;FALSCH;;CedricRoussel06;;WAHR
Cédric Villani;Q334065;http://commons.wikimedia.org/wiki/Special:FilePath/Cedric%20Villani%20at%20his%20office%202015%20n3.jpg;FALSCH;;VillaniCedric;;WAHR
Célia de Lavergne;Q30339276;;FALSCH;;CdLavergne;;WAHR
Céline Calvez;Q30342940;http://commons.wikimedia.org/wiki/Special:FilePath/Celine-Calvez.jpg;FALSCH;;celinecalvez;;WAHR
Cendra Motin;Q30339246;;WAHR;;;;WAHR
Chantal Jourdan;Q97405844;http://commons.wikimedia.org/wiki/Special:FilePath/Chantal%20Jourdan%202022.jpg;FALSCH;;ChantalJourdan;;WAHR
Charles de Courson;Q2960570;http://commons.wikimedia.org/wiki/Special:FilePath/Charles%20De%20Courson.JPG;FALSCH;;C_deCourson;;WAHR
Charles de la Verpillière;Q1534217;http://commons.wikimedia.org/wiki/Special:FilePath/Charles%20de%20La%20Verpilli%C3%A8re.jpg;FALSCH;;delaverpilliere;;WAHR
Charlotte Lecocq;Q30530300;http://commons.wikimedia.org/wiki/Special:FilePath/CharlotteLecocq.jpg;FALSCH;;lecocqcharlotte;;WAHR
Christelle Petex-Levet;Q63764754;;FALSCH;;ChristellePetex;;WAHR
Christian Hutin;Q2965349;http://commons.wikimedia.org/wiki/Special:FilePath/Christian%20Hutin%20d%C3%A9put%C3%A9-maire%20de%20Saint-Pol-sur-Mer.jpg;WAHR;https://pbs.twimg.com/profile_images/864804925569630209/Z0VTj0w6_normal.jpg;ChristianHutin;;WAHR
Christian Jacob;Q707984;http://commons.wikimedia.org/wiki/Special:FilePath/Christian%20Jacob%20-%2029-08-11.jpg;WAHR;https://pbs.twimg.com/profile_images/1479052458236293121/a3FRX6T-_normal.jpg;ChJacob77;Président @lesRepublicains 2019-2022 | Ancien ministre de Jacques Chirac | Député de Seine-et-Marne 1995-2022 | Ancien élu de Provins;WAHR
Christine Cloarec;Q30344710;http://commons.wikimedia.org/wiki/Special:FilePath/Christine%20Cloarec%2002.jpg;FALSCH;;ChrisLenabour;;WAHR
Christine Hennion;Q30347481;;FALSCH;;Ch_Hennion;;WAHR
Christine Pirès-Beaune;Q2413788;;FALSCH;;cpiresbeaune;;WAHR
Christophe Arend;Q30335899;http://commons.wikimedia.org/wiki/Special:FilePath/Christophe%20Arend.jpg;FALSCH;;christophearend;;WAHR
Christophe Blanchet;Q30348928;;FALSCH;;christoblanchet;;WAHR
Christophe Castaner;Q1726930;http://commons.wikimedia.org/wiki/Special:FilePath/Christophe%20Castaner%20en%202019%20%28cropped%202%29.jpg;FALSCH;;CCastaner;;WAHR
Christophe Euzet;Q30496891;http://commons.wikimedia.org/wiki/Special:FilePath/Christophe%20Euzet.jpg;FALSCH;;ChristopheEuzet;;WAHR
Christophe Jerretie;Q30343198;http://commons.wikimedia.org/wiki/Special:FilePath/Christophe%20Jerretie%2002.jpg;FALSCH;;cjerretie;;WAHR
Christophe Leclercq;Q107127761;;WAHR;;;;WAHR
Christophe Lejeune;Q30342434;http://commons.wikimedia.org/wiki/Special:FilePath/Christophe%20Lejeune.jpg;FALSCH;;lejeune_ch;;WAHR
Christophe Naegelen;Q30530164;http://commons.wikimedia.org/wiki/Special:FilePath/Christophe%20Naegelen%20salle%20quatre%20colonnes%2019002.jpg;FALSCH;;naegelenchris;;WAHR
Claire Bouchet;Q97695863;;FALSCH;;ClaireBouchet05;;WAHR
Claire Guion-Firmin;Q30331529;http://commons.wikimedia.org/wiki/Special:FilePath/Claire%20Javois.jpg;WAHR;;;;WAHR
Claire O'Petit;Q30380252;http://commons.wikimedia.org/wiki/Special:FilePath/Claire%20O%27Petit.jpg;FALSCH;;claireopetit;;WAHR
Claire Pitollat;Q30335095;;FALSCH;;ClairePitollat;;WAHR
Claude de Ganay;Q2978334;http://commons.wikimedia.org/wiki/Special:FilePath/Portrait%20de%20Claude%20de%20Ganay.jpg;FALSCH;;Cdganay;;WAHR
Claudia Rouaux;Q63248658;;FALSCH;;claudia_rouaux;;WAHR
Clémentine Autain;Q2980738;http://commons.wikimedia.org/wiki/Special:FilePath/Clementine-Autain.jpg;FALSCH;;Clem_Autain;;WAHR
Constance Le Grip;Q510080;http://commons.wikimedia.org/wiki/Special:FilePath/Constance%20Grip-France-MIP-Europaparlament-by-Leila-Paul-2.jpg;FALSCH;;ConstanceLeGrip;;WAHR
Coralie Dubost;Q30458783;http://commons.wikimedia.org/wiki/Special:FilePath/Coralie%20Dubost.jpg;FALSCH;;CoDubost;;WAHR
Corinne Vignon;Q30342372;http://commons.wikimedia.org/wiki/Special:FilePath/Corinne%20Vignon%2C%20D%C3%A9put%C3%A9e%20de%20Haute-Garonne.jpg;FALSCH;;corinnevignon;;WAHR
Cyrille Isaac-Sibille;Q30342132;http://commons.wikimedia.org/wiki/Special:FilePath/Photo%20CyrilleIsaacSibille.jpg;FALSCH;;CIsaacSibille;;WAHR
Damien Abad;Q966529;http://commons.wikimedia.org/wiki/Special:FilePath/Portrait%20Damien%20Abad.jpg;FALSCH;;damienabad;;WAHR
Damien Adam;Q30339241;http://commons.wikimedia.org/wiki/Special:FilePath/Damien%20Adam%2002.jpg;FALSCH;;damienadam76;;WAHR
Damien Pichereau;Q30344657;http://commons.wikimedia.org/wiki/Special:FilePath/Damien%20pichereau%204colonnes%2016592.jpg;FALSCH;;DamienPichereau;;WAHR
Daniel Labaronne;Q30335887;http://commons.wikimedia.org/wiki/Special:FilePath/Daniel%20Labaronne.jpg;FALSCH;;LabaronneDaniel;;WAHR
Danièle Cazarian;Q30414734;;WAHR;;;;WAHR
Danièle Hérin;Q3015137;http://commons.wikimedia.org/wiki/Special:FilePath/Daniele%20H%C3%A9rin%2016628.jpg;FALSCH;;Daniele_herin;;WAHR
Danièle Obono;Q30335340;http://commons.wikimedia.org/wiki/Special:FilePath/Marche%20des%20fiert%C3%A9s%20de%20Paris%202017-22.jpg;FALSCH;;Deputee_Obono;;WAHR
Danielle Brulebois;Q30342796;;FALSCH;;dbrulebois;;WAHR
David Corceiro;Q97704794;http://commons.wikimedia.org/wiki/Special:FilePath/David%20Corceiro%20permanence.jpg;FALSCH;;corceirodavid;;WAHR
David Habib;Q3018028;;FALSCH;;DavidDhabib;;WAHR
David Lorion;Q30334974;http://commons.wikimedia.org/wiki/Special:FilePath/David%20Lorion.jpg;FALSCH;;David_Lorion;;WAHR
Delphine Bagarry;Q30339196;;FALSCH;;DBagarry;;WAHR
Delphine Batho;Q291385;http://commons.wikimedia.org/wiki/Special:FilePath/Delphine%20Batho%20%28cropped%29.png;FALSCH;;delphinebatho;;WAHR
Denis Masséglia;Q30377701;http://commons.wikimedia.org/wiki/Special:FilePath/Denis%20Mass%C3%A9glia%20-%20Ping%20Awards%202018.jpg;FALSCH;;denis_Masseglia;;WAHR
Denis Sommer;Q30414896;http://commons.wikimedia.org/wiki/Special:FilePath/Denis%20Sommer.jpg;FALSCH;;DenisSommer;;WAHR
Didier Baichère;Q30339352;;FALSCH;;dbaichere;;WAHR
Didier Le Gac;Q30375947;http://commons.wikimedia.org/wiki/Special:FilePath/Didier%20Le%20Gac.jpg;FALSCH;;didierlegac;;WAHR
Didier Martin;Q30349303;;FALSCH;;dmartindijon;;WAHR
Didier Paris;Q30349298;http://commons.wikimedia.org/wiki/Special:FilePath/Didier%20Paris.jpg;FALSCH;;_DidierParis;;WAHR
Didier Quentin;Q2386047;http://commons.wikimedia.org/wiki/Special:FilePath/Didier%20Quentin.jpg;FALSCH;;didierquentin;;WAHR
Dimitri Houbron;Q30349455;;FALSCH;;;;WAHR
Dino Cinieri;Q3028388;;FALSCH;;DinoCinieri;;WAHR
Dominique Da Silva;Q30392870;http://commons.wikimedia.org/wiki/Special:FilePath/Dominique-Da-Silva.jpg http://commons.wikimedia.org/wiki/Special:FilePath/Dominique-Da-Silva.jpg;FALSCH;;DDaSilva95;;WAHR
Dominique David;Q30448094;http://commons.wikimedia.org/wiki/Special:FilePath/Dominique%20David%20sur%20le%20Pont%20Jacques%20Chaban-Delmas.jpg;FALSCH;;;;WAHR
Dominique Potier;Q3035399;http://commons.wikimedia.org/wiki/Special:FilePath/Dominique%20Potier%20jardin%204%20Colonnes%2019297.jpg;FALSCH;;PotierDominique;;WAHR
Édith Audibert;Q97337111;http://commons.wikimedia.org/wiki/Special:FilePath/Edith%20Audibert%20d%C3%A9put%C3%A9e.jpg;FALSCH;;;;WAHR
Elisabeth Marquet;Q65592000;;WAHR;;;;WAHR
Élisabeth Toutut-Picard;Q30342359;http://commons.wikimedia.org/wiki/Special:FilePath/%C3%89lisabeth%20Toutut-Picard.jpg;FALSCH;;etoututpicard;;WAHR
Élodie Jacquier-Laforge;Q30339394;http://commons.wikimedia.org/wiki/Special:FilePath/Elodie%20Jacquier-Laforge%20.jpg;FALSCH;;elodiejala;;WAHR
Elsa Faucillon;Q30349257;;FALSCH;;ElsaFaucillon;;WAHR
Émilie Bonnivard;Q30339419;;FALSCH;;BonnivardE;;WAHR
Émilie Cariou;Q30342921;http://commons.wikimedia.org/wiki/Special:FilePath/Emilie%20Cariou.jpg;FALSCH;;EmilieCariou;;WAHR
Emilie Chalas;Q30519525;http://commons.wikimedia.org/wiki/Special:FilePath/Emilie%20Chalas.jpg;FALSCH;;EmilieCChalas;;WAHR
Émilie Guerel;Q30342547;http://commons.wikimedia.org/wiki/Special:FilePath/Portrait%20emilie%20guerel.jpg;FALSCH;;eguerelLREM;;WAHR
Emmanuel Blairy;Q110464124;http://commons.wikimedia.org/wiki/Special:FilePath/Emmanuel%20Blairy.jpg;FALSCH;;BlairyEmmanuel;;WAHR
Emmanuel Maquet;Q30377460;http://commons.wikimedia.org/wiki/Special:FilePath/Emmanuel%20Maquet.jpg;FALSCH;;emmanuel_maquet;;WAHR
Emmanuelle Anthoine;Q30342118;;FALSCH;;eanthoine26;;WAHR
Emmanuelle Ménard;Q29896234;;FALSCH;;emenard34;;WAHR
Éric Alauzet;Q2754524;http://commons.wikimedia.org/wiki/Special:FilePath/%C3%89ric%20Alauzet%20%28cropped%29.jpg;FALSCH;;ericalauzet;;WAHR
Éric Bothorel;Q29791418;http://commons.wikimedia.org/wiki/Special:FilePath/%C3%89ric%20Bothorel.jpg;FALSCH;;ebothorel;;WAHR
Éric Ciotti;Q1844180;http://commons.wikimedia.org/wiki/Special:FilePath/%C3%89ric%20Ciotti%20%282%29.jpg;FALSCH;;ECiotti;;WAHR
Éric Coquerel;Q17485936;http://commons.wikimedia.org/wiki/Special:FilePath/Eric%20Coquerel%20en%202017.jpg;FALSCH;;ericcoquerel;;WAHR
Éric Diard;Q3591087;;FALSCH;;Ericdiard;;WAHR
Éric Girardin;Q30349369;http://commons.wikimedia.org/wiki/Special:FilePath/Eric%20GIRARDIN%20d%C3%A9put%C3%A9%20de%20la%20Marne%20-%20d%C3%A9bat.jpg;FALSCH;;GirardinEric;;WAHR
Éric Pauget;Q30339237;http://commons.wikimedia.org/wiki/Special:FilePath/Eric%20Pauget%202.jpg;FALSCH;;EricPAUGET1;;WAHR
Éric Poulliat;Q30530581;;FALSCH;;EPoulliat;;WAHR
Éric Woerth;Q288486;http://commons.wikimedia.org/wiki/Special:FilePath/%C3%89ric%20Woerth%202.jpg;FALSCH;;ericwoerth;;WAHR
Erwan Balanant;Q30348579;;FALSCH;;erwanbalanant;;WAHR
Fabien Di Filippo;Q30451909;http://commons.wikimedia.org/wiki/Special:FilePath/Fabien%20Di%20Filippo.jpg;FALSCH;;FabienDiFilippo;;WAHR
Fabien Gouttefarde;Q30459009;http://commons.wikimedia.org/wiki/Special:FilePath/Fabien%20Gouttefarde.jpg;FALSCH;;FGouttefarde;;WAHR
Fabien Lainé;Q30729390;;FALSCH;;fabien_laine;;WAHR
Fabien Matras;Q30342530;http://commons.wikimedia.org/wiki/Special:FilePath/Fabien%20Matras.jpg;FALSCH;;FabienMatras;;WAHR
Fabien Roussel;Q30388733;http://commons.wikimedia.org/wiki/Special:FilePath/Roussel%20Fabien%201.jpg;FALSCH;;fabien_roussel;;WAHR
Fabienne Colboc;Q30335893;http://commons.wikimedia.org/wiki/Special:FilePath/Fabienne%20Colboc.jpg;FALSCH;;fabiennecolboc;;WAHR
Fabrice Brun;Q30339239;;FALSCH;;FabriceBrun;;WAHR
Fabrice Le Vigoureux;Q30348996;;FALSCH;;LeVigoureuxF;;WAHR
Fadila Khattabi;Q30349301;http://commons.wikimedia.org/wiki/Special:FilePath/Fadila%20Khattabi.jpg;FALSCH;;KhattabiF;;WAHR
Fannette Charvier;Q30430460;http://commons.wikimedia.org/wiki/Special:FilePath/Fannette%20Charvier.jpg;FALSCH;;;;WAHR
Fiona Lazaar;Q30497590;http://commons.wikimedia.org/wiki/Special:FilePath/Fiona%20Lazaar.jpg;FALSCH;;fionalazaar;;WAHR
Florence Granjus;Q30349393;http://commons.wikimedia.org/wiki/Special:FilePath/Florence%20Granjus.jpg;FALSCH;;fgranjus;;WAHR
Florence Lasserre-David;Q30342777;http://commons.wikimedia.org/wiki/Special:FilePath/Florence%20Lasserre%20David.jpg;WAHR;;;;WAHR
Florence Morlighem;Q78949808;;FALSCH;;FMorlighem;;WAHR
Florence Provendier;Q57394742;http://commons.wikimedia.org/wiki/Special:FilePath/Florence%20PROVENDIER.jpg;FALSCH;;flprovendier;;WAHR
Florent Boudié;Q2856427;;FALSCH;;florent_boudie;;WAHR
Florian Bachelier;Q30344462;http://commons.wikimedia.org/wiki/Special:FilePath/Florian%20Bachelier%2016276%20AN.jpg;FALSCH;;F_BACHELIER;;WAHR
Francis Chouat;Q58869106;http://commons.wikimedia.org/wiki/Special:FilePath/Francis%20Chouat%20-%20Evry%20-%202018-10-09%20-%20IMG%209281.jpg;FALSCH;;fchouat;;WAHR
François Cormier-Bouligeon;Q30349104;http://commons.wikimedia.org/wiki/Special:FilePath/Fran%C3%A7ois%20Cormier-Bouligeon%204%20colonnes%2019224.jpg;FALSCH;;FCBDeputeduCher;;WAHR
François Cornut-Gentille;Q3084310;http://commons.wikimedia.org/wiki/Special:FilePath/Fran%C3%A7ois%20cornut-gentille%204%20colonnes%2019207.jpg;FALSCH;;FCornutGentille;;WAHR
François de Rugy;Q117340;http://commons.wikimedia.org/wiki/Special:FilePath/Fran%C3%A7ois%20de%20Rugy.jpg;FALSCH;;FdeRugy;;WAHR
François Jolivet;Q30349518;http://commons.wikimedia.org/wiki/Special:FilePath/Fran%C3%A7ois%20Jolivet.jpg;FALSCH;;FJolivet36;;WAHR
François Pupponi;Q3085621;http://commons.wikimedia.org/wiki/Special:FilePath/Fran%C3%A7ois%20Pupponi%20%28cropped%29.jpg;FALSCH;;fpupponi;;WAHR
François Ruffin;Q3085763;http://commons.wikimedia.org/wiki/Special:FilePath/Fran%C3%A7ois%20Ruffin%20lors%20du%20D%C3%A9pu%27tour%20le%2011%20septembre%202020.jpg;FALSCH;;Francois_Ruffin;;WAHR
Françoise Dumas;Q1967590;http://commons.wikimedia.org/wiki/Special:FilePath/Fran%C3%A7oise%20Dumas%20AN%2016806.jpg;FALSCH;;francoisedumas_;;WAHR
François-Michel Lambert;Q1450831;;FALSCH;;fm_lambert;;WAHR
Frédéric Barbier;Q3089599;http://commons.wikimedia.org/wiki/Special:FilePath/Fr%C3%A9d%C3%A9ric%20Barbier.jpg;FALSCH;;Fred_Barbier;;WAHR
Frédéric Descrozaille;Q30342968;http://commons.wikimedia.org/wiki/Special:FilePath/Fr%C3%A9d%C3%A9ric%20Descrozaille%20%28photographie%20officielle%29.jpg;FALSCH;;fdescrozaille;;WAHR
Frédéric Petit;Q30336862;http://commons.wikimedia.org/wiki/Special:FilePath/2019-03-28%20Fr%C3%A9d%C3%A9ric%20Petit%206736.jpg;FALSCH;;fpetitAN;;WAHR
Frédéric Reiss;Q3090161;http://commons.wikimedia.org/wiki/Special:FilePath/Fr%C3%A9d%C3%A9ric%20Reiss.jpg;WAHR;;;;WAHR
Frédérique Dumas;Q3090377;http://commons.wikimedia.org/wiki/Special:FilePath/PFDumas.jpg;FALSCH;;DumasFrederique;;WAHR
Frédérique Meunier;Q30339260;;FALSCH;;fmeunier19;;WAHR
Frédérique Tuffnell;Q30349049;http://commons.wikimedia.org/wiki/Special:FilePath/Fr%C3%A9d%C3%A9rique%20Tuffnell%2003.jpg;FALSCH;;PollenIIF;;WAHR
Gaël Le Bohec;Q30344380;http://commons.wikimedia.org/wiki/Special:FilePath/Ga%C3%ABl%20Le%20Bohec.jpg;FALSCH;;GaelLeBohec;;WAHR
Geneviève Levy;Q3100672;http://commons.wikimedia.org/wiki/Special:FilePath/Genevieve%20Levy.jpg;WAHR;https://pbs.twimg.com/profile_images/1336391521185255426/wDBWHdhf_normal.jpg;genevievelevy83;Députée du #Var #circo8301 2002/2022, Conseillère de @VilledeToulon et de @metropoleTPM #Toulon;WAHR
George Pau-Langevin;Q1321340;http://commons.wikimedia.org/wiki/Special:FilePath/George%20Pau-Langevin%20-%20F%C3%A9vrier%202013%20%282%29.jpg;FALSCH;;Pau_Langevin;;WAHR
Géraldine Bannier;Q30339354;;FALSCH;;Bannier_G;;WAHR
Gérard Cherpion;Q3123839;http://commons.wikimedia.org/wiki/Special:FilePath/G%C3%A9rard%20Cherpion%20par%20Claude%20Truong-Ngoc%20janvier%202016.jpg;FALSCH;;GerardCherpion;;WAHR
Gérard Leseul;Q99627615;http://commons.wikimedia.org/wiki/Special:FilePath/Gerard%20Leseul%20-%20Portrait.jpg;FALSCH;;leseulg;;WAHR
Gérard Menuel;Q3124173;;WAHR;https://pbs.twimg.com/profile_images/1075442084805599232/5W_OhQOL_normal.jpg;MenuelGerard;;WAHR
Gilles Carrez;Q3106149;;FALSCH;;GillesCarrez;;WAHR
Gilles Le Gendre;Q30528115;http://commons.wikimedia.org/wiki/Special:FilePath/Gilles-Le-Gendre.jpg;FALSCH;;GillesLeGendre;;WAHR
Gilles Lurton;Q3106366;http://commons.wikimedia.org/wiki/Special:FilePath/Gilles%20Lurton%20perron%20Assembl%C3%A9e.jpg;FALSCH;;gilleslurton;;WAHR
Gisèle Biémouret;Q3107809;http://commons.wikimedia.org/wiki/Special:FilePath/Gisele%20Biemouret.jpg;FALSCH;;GiseleBiemouret;;WAHR
Graziella Melchior;Q30339298;;FALSCH;;GrazieMelchior;;WAHR
Grégory Besson-Moreau;Q30337397;;FALSCH;;GBessonMoreau;;WAHR
Guillaume Chiche;Q30433642;http://commons.wikimedia.org/wiki/Special:FilePath/Guillaume%20Chiche.jpg;FALSCH;;GuillaumeChiche;;WAHR
Guillaume Garot;Q3119861;http://commons.wikimedia.org/wiki/Special:FilePath/Guillaume%20Garot%202012.jpg;FALSCH;;guillaumegarot;;WAHR
Guillaume Gouffier-Cha;Q30349376;http://commons.wikimedia.org/wiki/Special:FilePath/Guillaume%20Gouffier-Cha%202017.jpg;FALSCH;;G_GouffierCha;;WAHR
Guillaume Kasbarian;Q30497082;http://commons.wikimedia.org/wiki/Special:FilePath/Guillaume%20Kasbarian.jpg;FALSCH;;guillaumekasba;;WAHR
Guillaume Larrivé;Q3120008;;FALSCH;;GLarrive;;WAHR
Guillaume Peltier;Q3120121;http://commons.wikimedia.org/wiki/Special:FilePath/Portrait%20de%20Guillaume%20Peltier%2C%20avril%202022.jpg;FALSCH;;G_Peltier;;WAHR
Guillaume Vuilletet;Q30343165;http://commons.wikimedia.org/wiki/Special:FilePath/Guillaume-Vuilletet.png;FALSCH;;g_vuilletet;;WAHR
Guy Bricout;Q30349651;;FALSCH;;GuyBricout;;WAHR
Guy Teissier;Q3090;http://commons.wikimedia.org/wiki/Special:FilePath/Guy%20Teissier.png;FALSCH;;guyteissier;;WAHR
Gwendal Rouillard;Q3122538;http://commons.wikimedia.org/wiki/Special:FilePath/FIL%202014%20-%20Gwendal%20Rouillard%20-%201138.JPG;FALSCH;;G_ROUILLARD;;WAHR
Hélène Vainqueur-Christophe;Q3144871;;FALSCH;;HeleneVainqueur;;WAHR
Hélène Zannier;Q30343030;;FALSCH;;HeleneZannier;;WAHR
Hervé Berville;Q30223120;http://commons.wikimedia.org/wiki/Special:FilePath/Herv%C3%A9%20Berville%20%28cropped%29.jpg;FALSCH;;herveberville;;WAHR
Hervé Pellois;Q3134616;;FALSCH;;HervePellois;;WAHR
Hervé Saulignac;Q19958573;;FALSCH;;hsaulignac;;WAHR
Hubert Julien-Laferrière;Q16642462;http://commons.wikimedia.org/wiki/Special:FilePath/Hubert%20Julien-Laferri%C3%A8re%202012.jpg;FALSCH;;hub_laferriere;;WAHR
Hubert Wulfranc;Q30392260;http://commons.wikimedia.org/wiki/Special:FilePath/Hubert%20Wulfranc%2002.jpg;FALSCH;;HubertWulfranc;;WAHR
Hugues Renson;Q30386813;http://commons.wikimedia.org/wiki/Special:FilePath/Hugues%20Renson.jpg;FALSCH;;huguesrenson;;WAHR
Huguette Tiegna;Q30337193;http://commons.wikimedia.org/wiki/Special:FilePath/Huguette%20Tiegna.jpg;FALSCH;;Huguette_Tiegna;;WAHR
Ian Boucard;Q30341918;http://commons.wikimedia.org/wiki/Special:FilePath/2022-11-19%2012-02-26%20commemo-Belfort.jpg;FALSCH;;IanBoucard;;WAHR
Isabelle Florennes;Q30349307;;FALSCH;;iflorennes92;;WAHR
Isabelle Rauch;Q30386520;http://commons.wikimedia.org/wiki/Special:FilePath/Isabelle%20Rauch.jpg;FALSCH;;isabelle_rauch;;WAHR
Isabelle Santiago;Q63765654;;FALSCH;;isasantiago_94;;WAHR
Isabelle Valentin;Q30342993;http://commons.wikimedia.org/wiki/Special:FilePath/Isabelle%20Valentin%20%28cropped%29.jpg;FALSCH;;isavalentin43;;WAHR
Jacqueline Dubois;Q30435197;http://commons.wikimedia.org/wiki/Special:FilePath/Jacqueline%20Dubois.jpg;FALSCH;;Jacqlinedubois;;WAHR
Jacqueline Maquet;Q3157761;http://commons.wikimedia.org/wiki/Special:FilePath/Lens%20-%20Sochaux%20%2815-09-2018%29%2037.jpg;FALSCH;;J_Maquet6202;;WAHR
Jacques Cattin;Q30414335;http://commons.wikimedia.org/wiki/Special:FilePath/Jacques%20Cattin.jpg;FALSCH;;JCattin2017;;WAHR
Jacques Krabal;Q1659343;http://commons.wikimedia.org/wiki/Special:FilePath/Charlotte%20Letrillard%20et%20Jacques%20Krabal.jpg;FALSCH;;JKrabal;;WAHR
Jacques Maire;Q30338651;http://commons.wikimedia.org/wiki/Special:FilePath/Jacques%20Maire.jpg;FALSCH;;JMaireofficiel;;WAHR
Jacques Marilossian;Q30339250;http://commons.wikimedia.org/wiki/Special:FilePath/Jacques%20Marilossian.jpg;FALSCH;;jmarilossian;;WAHR
Jacques Rey;Q65598002;;WAHR;;;;WAHR
Jacques Savatier;Q30506332;http://commons.wikimedia.org/wiki/Special:FilePath/Jacques%20savatier%20AN%206722.jpg;FALSCH;;JacquesSavatier;;WAHR
Jean François Mbaye;Q30378425;http://commons.wikimedia.org/wiki/Special:FilePath/Jean%20Fran%C3%A7ois%20Mbaye.jpg;FALSCH;;JFMBAYE;;WAHR
Jean Lassalle;Q3173022;http://commons.wikimedia.org/wiki/Special:FilePath/Jean%20Lassalle%2003%20%28cropped%29.jpg;FALSCH;;jeanlassalle;;WAHR
Jean Terlier;Q30391203;;FALSCH;;JeanTerlier;;WAHR
Jean-Baptiste Moreau;Q30379650;http://commons.wikimedia.org/wiki/Special:FilePath/Jean-Baptiste%20Moreau.jpg;FALSCH;;moreaujb23;;WAHR
Jean-Bernard Sempastous;Q30390218;http://commons.wikimedia.org/wiki/Special:FilePath/Jean-Bernard%20Sempastous.jpg;FALSCH;;Sempastoushp;;WAHR
Jean-Carles Grelier;Q30503939;http://commons.wikimedia.org/wiki/Special:FilePath/Photographie%20Jean-Carles%20Grelier.jpg;FALSCH;;;;WAHR
Jean-Charles Colas-Roy;Q30436200;http://commons.wikimedia.org/wiki/Special:FilePath/Jean-Charles%20Colas-Roy.jpg;FALSCH;;JCColasRoy;;WAHR
Jean-Charles Larsonneur;Q30343212;;FALSCH;;JCLarsonneur;;WAHR
Jean-Charles Taugourdeau;Q3164701;http://commons.wikimedia.org/wiki/Special:FilePath/JeanCharles%20Taugourdeau.jpg;FALSCH;;JCTaugourdeau;;WAHR
Jean-Christophe Lagarde;Q3164758;http://commons.wikimedia.org/wiki/Special:FilePath/Jean-Christophe%20Lagarde%202015%20%28cropped%29.jpg;FALSCH;;jclagarde;;WAHR
Jean-Claude Bouchet;Q3164854;;FALSCH;;JCBOUCHET;;WAHR
Jean-Claude Leclabart;Q30528083;http://commons.wikimedia.org/wiki/Special:FilePath/Jean-Claude%20Leclabart%2002.jpg;FALSCH;;JLeclabart;;WAHR
Jean-Félix Acquaviva;Q30339348;http://commons.wikimedia.org/wiki/Special:FilePath/Jean-F%C3%A9lix%20Acquaviva%2C%20%C3%A9lu%20d%C3%A9put%C3%A9%20nationaliste%20de%20la%202e%20conscription%20de%20Haute-Corse%201-10%20screenshot.png;FALSCH;;JF_Acquaviva;;WAHR
Jean-François Eliaou;Q30456455;http://commons.wikimedia.org/wiki/Special:FilePath/JFELIAOU.PICSTLOUP.jpg;FALSCH;;JFEliaou;;WAHR
Jean-François Parigi;Q30343140;http://commons.wikimedia.org/wiki/Special:FilePath/Jean-Fran%C3%A7ois%20Parigi.png;WAHR;https://pbs.twimg.com/profile_images/963762002517807110/CjLN9zyv_normal.jpg;Jf_Parigi;Président du Conseil départemental de Seine-de-Marne - Ancien Député - Conseiller municipal de la @Villedemeaux.;WAHR
Jean-François Portarrieu;Q30503261;http://commons.wikimedia.org/wiki/Special:FilePath/Photo%20de%20Jean-Fran%C3%A7ois%20Portarrieu.jpg;FALSCH;;jfportarrieu;;WAHR
Jean-Hugues Ratenon;Q30334352;http://commons.wikimedia.org/wiki/Special:FilePath/Jean-Hugues%20Ratenon.jpg;FALSCH;;JhRatenon;;WAHR
Jeanine Dubié;Q3175899;http://commons.wikimedia.org/wiki/Special:FilePath/Jeanine%20Dubi%C3%A9.jpg;WAHR;;;;WAHR
Jean-Jacques Bridey;Q3166197;http://commons.wikimedia.org/wiki/Special:FilePath/Jean-Jacques%20Bridey%20avec%20des%20habitants%20de%20Fresnes.jpg;FALSCH;;jjbridey94260;;WAHR
Jean-Jacques Ferrara;Q30349168;;FALSCH;;jjferrarafb;;WAHR
Jean-Jacques Gaultier;Q3166272;http://commons.wikimedia.org/wiki/Special:FilePath/Jean-Jacques%20Gaultier%2020171214.jpg;FALSCH;;JJ_Gaultier;;WAHR
Jean-Louis Bourlanges;Q711098;http://commons.wikimedia.org/wiki/Special:FilePath/Bayrou%20Bercy%202007-04-18%20n29.jpg;FALSCH;;JLBourlanges;;WAHR
Jean-Louis Bricout;Q3166655;http://commons.wikimedia.org/wiki/Special:FilePath/Jean-Louis%20Bricout.jpg;FALSCH;;jlbricout;;WAHR
Jean-Louis Masson;Q30377920;http://commons.wikimedia.org/wiki/Special:FilePath/Masson%20%28cropped%29.png;WAHR;;;;WAHR
Jean-Louis Thiériot;Q3166993;http://commons.wikimedia.org/wiki/Special:FilePath/Jean-Louis%20Thi%C3%A9riot.jpg;FALSCH;;JL_Thieriot;;WAHR
Jean-Louis Touraine;Q12923;http://commons.wikimedia.org/wiki/Special:FilePath/Jean-Louis%20Touraine.jpg;WAHR;https://pbs.twimg.com/profile_images/1608891014659428353/wI1njnuZ_normal.jpg;Byayaba;Rien que de l’eau, de l’eau de pluie, de l’eau de là-haut. | Affaires publiques | Ex-@AssembleeNat avec Jean-Louis Touraine.;WAHR
Jean-Luc Fugit;Q30339272;http://commons.wikimedia.org/wiki/Special:FilePath/Jean-Luc%20Fugit.jpg;FALSCH;;Jean_LucFUGIT;;WAHR
Jean-Luc Lagleize;Q30349870;http://commons.wikimedia.org/wiki/Special:FilePath/Jean-Luc%20Lagleize.jpg;FALSCH;;JeanLucLAGLEIZE;;WAHR
Jean-Luc Mélenchon;Q5829;http://commons.wikimedia.org/wiki/Special:FilePath/Jean-Luc%20M%C3%A9lenchon%202022%20%28cropped%29.jpg;FALSCH;;JLMelenchon;;WAHR
Jean-Luc Poudroux;Q3167235;;WAHR;;;;WAHR
Jean-Luc Reitzer;Q3167246;;FALSCH;;jl_reitzer;;WAHR
Jean-Luc Warsmann;Q509407;http://commons.wikimedia.org/wiki/Special:FilePath/Jean-Luc%20Warsmann%20par%20Claude%20Truong-Ngoc%20janvier%202016.jpg;FALSCH;;warsmann;;WAHR
Jean-Marc Zulesi;Q30334480;http://commons.wikimedia.org/wiki/Special:FilePath/Jean-Marc%20Zulesi%202.jpg;FALSCH;;jmzulesi;;WAHR
Jean-Marie Fiévet;Q30349293;http://commons.wikimedia.org/wiki/Special:FilePath/Jean-Marie%20Fi%C3%A9vet.jpg;FALSCH;;JeanMarieFIEVET;;WAHR
Jean-Marie Sermier;Q3167821;http://commons.wikimedia.org/wiki/Special:FilePath/Jeanmariesermier.jpg;FALSCH;;jmsermier;;WAHR
Jean-Michel Clément;Q3167990;http://commons.wikimedia.org/wiki/Special:FilePath/Jean%20Michel%20Cl%C3%A9ment%20salle%204%20colonnes%2019261.jpg;FALSCH;;jmclement86;;WAHR
Jean-Michel Fauvergue;Q29193047;http://commons.wikimedia.org/wiki/Special:FilePath/Jean-Michel%20Fauvergue.jpg;WAHR;;;;WAHR
Jean-Michel Jacques;Q30338881;http://commons.wikimedia.org/wiki/Special:FilePath/Jean-Michel-Jacques.jpg;FALSCH;;J_M_Jacques;;WAHR
Jean-Michel Mis;Q30379003;;FALSCH;;JeanMichelMIS;;WAHR
Jean-Noël Barrot;Q30339198;http://commons.wikimedia.org/wiki/Special:FilePath/Jean%20Noel%20Barrot%20AN%2016809.JPG;FALSCH;;jnbarrot;;WAHR
Jean-Paul Dufrègne;Q3168469;http://commons.wikimedia.org/wiki/Special:FilePath/Jean-Paul%20Dufr%C3%A8gne%202018.jpg;FALSCH;;JP_Dufregne;;WAHR
Jean-Paul Lecoq;Q602146;http://commons.wikimedia.org/wiki/Special:FilePath/Jean-Paul%20Lecoq%20%28cropped%29.jpg;WAHR;;;;WAHR
Jean-Paul Mattei;Q30378193;;FALSCH;;jp_mattei;;WAHR
Jean-Philippe Ardouin;Q30345412;http://commons.wikimedia.org/wiki/Special:FilePath/Jean-Philippe%20Ardouin.jpg;FALSCH;;jean_ardouin;;WAHR
Jean-Philippe Nilor;Q3168847;;WAHR;https://pbs.twimg.com/profile_images/1592560649074352136/CnQhYgoE_normal.jpg;jp_nilor;Député de Martinique,;WAHR
Jean-Pierre Cubertafon;Q30339347;http://commons.wikimedia.org/wiki/Special:FilePath/Jean-Pierre%20Cubertafon%204colonnes%2019192.jpg;FALSCH;;dep_cubertafon;;WAHR
Jean-Pierre Door;Q3169226;http://commons.wikimedia.org/wiki/Special:FilePath/Jean-Pierre%20Door.JPG;FALSCH;;doorjean;;WAHR
Jean-Pierre Pont;Q3169663;;FALSCH;;JeanPierrePont;;WAHR
Jean-Pierre Vigier;Q3169815;;FALSCH;;J_PVigier;;WAHR
Jean-René Cazeneuve;Q30417849;http://commons.wikimedia.org/wiki/Special:FilePath/Photo%20Jean-Ren%C3%A9%20Cazeneuve.jpg;FALSCH;;jrcazeneuve;;WAHR
Jean-Yves Bony;Q3170101;http://commons.wikimedia.org/wiki/Special:FilePath/Jean-Yves%20Bony.jpg;WAHR;;;;WAHR
Jennifer de Temmerman;Q30335908;http://commons.wikimedia.org/wiki/Special:FilePath/Jennifer%20de%20Temmerman%2002.jpg;FALSCH;;JDetemmerman;;WAHR
Jérôme Lambert;Q2385796;;FALSCH;;jeromelambert16;;WAHR
Jérôme Nury;Q28496177;http://commons.wikimedia.org/wiki/Special:FilePath/J%C3%A9r%C3%B4me%20Nury%2002.jpg;FALSCH;;jeromenury;;WAHR
Jimmy Pahun;Q3179100;http://commons.wikimedia.org/wiki/Special:FilePath/FIL%202017%20-%20Jimmy%20Pahun%20-%208449.jpg;FALSCH;;JimmyPahun;;WAHR
Joachim Son-Forget;Q30343074;http://commons.wikimedia.org/wiki/Special:FilePath/Joachim%20Son-Forget%2016312%20%28cropped%29.jpg;FALSCH;;;;WAHR
Joël Aviragnet;Q17350680;http://commons.wikimedia.org/wiki/Special:FilePath/Jo%C3%ABl%20Aviragnet%2004.jpg;FALSCH;;JAviragnet;;WAHR
Josette Manin;Q3185939;;WAHR;;;;WAHR
Josiane Corneloup;Q30392574;http://commons.wikimedia.org/wiki/Special:FilePath/Josiane%20Corneloup.jpg;FALSCH;;J_Corneloup;;WAHR
Josy Poueyto;Q30343078;http://commons.wikimedia.org/wiki/Special:FilePath/Josy%20Poueyto.jpg;FALSCH;;josypoueyto;;WAHR
Julien Aubert;Q1457778;http://commons.wikimedia.org/wiki/Special:FilePath/Julien%20Aubert%20d%C3%A9put%C3%A9%20%28cropped%29.jpg;FALSCH;;julienaubert84;;WAHR
Julien Borowczyk;Q30349208;http://commons.wikimedia.org/wiki/Special:FilePath/Julien%20Borowczyk%2002.jpg;FALSCH;;JulienBorowczyk;;WAHR
Julien Dive;Q23374860;http://commons.wikimedia.org/wiki/Special:FilePath/Julien%20Dive.jpg;FALSCH;;JulienDive;;WAHR
Justine Benin;Q30342954;http://commons.wikimedia.org/wiki/Special:FilePath/Justine%20B%C3%A9nin.jpg;FALSCH;;Justine_BENIN;;WAHR
Karine Lebon;Q99670641;http://commons.wikimedia.org/wiki/Special:FilePath/Mme%20Karine%20Lebon.jpg;FALSCH;;KarineLebon;;WAHR
Lætitia Avia;Q30339351;http://commons.wikimedia.org/wiki/Special:FilePath/Laetitia%20avia%20AN%2016441.JPG;FALSCH;;LaetitiaAvia;;WAHR
Laëtitia Romeiro Dias;Q30388588;;FALSCH;;Romeiro1L;;WAHR
Laëtitia Saint-Paul;Q30389297;http://commons.wikimedia.org/wiki/Special:FilePath/Laetitia%20Saint%20Paul%20-%20Saumur.jpg;FALSCH;;l_saintpaul;;WAHR
Lamia El Aaraje;Q106291673;;FALSCH;;lamiaela;;WAHR
Laure de La Raudière;Q3218809;http://commons.wikimedia.org/wiki/Special:FilePath/Laure%20de%20la%20Raudi%C3%A8re.jpg;FALSCH;;lauredlr;;WAHR
Laurence Dumont;Q2271318;http://commons.wikimedia.org/wiki/Special:FilePath/DeputeXIVeLegVeRep-Laurence%20Dumont2.jpg;FALSCH;;ldumontdeputee;;WAHR
Laurence Gayte;Q30229438;http://commons.wikimedia.org/wiki/Special:FilePath/Laurence%20Gayte.jpg;FALSCH;;LaurenceGayte;;WAHR
Laurence Maillart-Méhaignerie;Q30334244;http://commons.wikimedia.org/wiki/Special:FilePath/Laurence%20Maillart-M%C3%A9haignerie.jpg;FALSCH;;LMaillart;;WAHR
Laurence Trastour-Isnart;Q30339238;http://commons.wikimedia.org/wiki/Special:FilePath/Laurence%20Trastour-Isnart.jpg;FALSCH;;TrastourIsnart;;WAHR
Laurence Vanceunebrock-Mialon;Q30335035;http://commons.wikimedia.org/wiki/Special:FilePath/Laurence%20Vanceunebrock-Mialon.jpg;FALSCH;;LaurenceVanceu;;WAHR
Laurence Vichnievsky;Q281455;http://commons.wikimedia.org/wiki/Special:FilePath/Laurence%20Vichnievsky.jpg;FALSCH;;LVichnievsky;;WAHR
Laurent Garcia;Q30349328;http://commons.wikimedia.org/wiki/Special:FilePath/Laurent%20Garcia.jpg;FALSCH;;GarciaLaxou;;WAHR
Laurent Saint-Martin;Q30512608;http://commons.wikimedia.org/wiki/Special:FilePath/Laurent-Saint-Martin.jpg;FALSCH;;LauStmartin;;WAHR
Laurianne Rossi;Q30337015;http://commons.wikimedia.org/wiki/Special:FilePath/Laurianne%20Rossi.jpg;FALSCH;;lauriannerossi;;WAHR
Lénaïck Adam;Q30331583;http://commons.wikimedia.org/wiki/Special:FilePath/L%C3%A9na%C3%AFck%20Adam%2002.jpg;FALSCH;;LenaickADAM;;WAHR
Liliane Tanguy;Q30339307;http://commons.wikimedia.org/wiki/Special:FilePath/Liliane%20Tanguy.jpg;FALSCH;;LilianeTang;;WAHR
Lionel Causse;Q30342869;http://commons.wikimedia.org/wiki/Special:FilePath/Lionel%20causse.jpg;FALSCH;;DeputeCausse;;WAHR
Lise Magnier;Q30377001;;FALSCH;;lise_magnier;;WAHR
Loïc Dombreval;Q30339206;http://commons.wikimedia.org/wiki/Special:FilePath/Loic%20banniere.jpg;FALSCH;;LoicDombreval;;WAHR
Loïc Kervran;Q30339229;http://commons.wikimedia.org/wiki/Special:FilePath/Lo%C3%AFc%20Kervran.jpg;FALSCH;;LoicKervran18;;WAHR
Loïc Prud’homme;Q30339287;http://commons.wikimedia.org/wiki/Special:FilePath/Lo%C3%AFc%20Prud%27homme.jpg http://commons.wikimedia.org/wiki/Special:FilePath/Lo%C3%AFc%20Prud%27homme.jpg;FALSCH;;PrudhommeLoic;;WAHR
Louis Aliot;Q3261014;http://commons.wikimedia.org/wiki/Special:FilePath/Louis%20Aliot%202015%2002%20%28cropped%29%20%28cropped%29.jpg;FALSCH;;louis_aliot;;WAHR
Luc Geismar;Q97704796;http://commons.wikimedia.org/wiki/Special:FilePath/20-LUC-GEISMAR-shooting-2-9373-r.jpg;FALSCH;;GeismarLuc;;WAHR
Luc Lamirault;Q63765672;;FALSCH;;LamiraultLuc;;WAHR
Ludovic Loquet;Q63763416;;FALSCH;;LoquetLudovic;;WAHR
Ludovic Mendes;Q30525139;http://commons.wikimedia.org/wiki/Special:FilePath/Ludovic%20Mendes%20%C3%A0%20l%27Assembl%C3%A9e%20nationale.jpg;FALSCH;;ludovicMDS;;WAHR
Maina Sage;Q17350905;http://commons.wikimedia.org/wiki/Special:FilePath/Maina%20Sage.jpg;FALSCH;;MainaSage;;WAHR
Mansour Kamardine;Q3286565;;FALSCH;;Kamardine_M;;WAHR
Manuéla Kéclard-Mondésir;Q54415314;;FALSCH;;KeclardManuela;;WAHR
Marc Delatte;Q30339126;;FALSCH;;MarcDelatte;;WAHR
Marc Le Fur;Q3288193;http://commons.wikimedia.org/wiki/Special:FilePath/Photo%20Marc%20Le%20Fur.jpg;FALSCH;;marclefur;;WAHR
Marguerite Deprez-Audebert;Q30450097;http://commons.wikimedia.org/wiki/Special:FilePath/Marguerite%20Deprez%20Audebert.jpg;FALSCH;;MDeprezAudebert;;WAHR
Marianne Dubois;Q3291298;http://commons.wikimedia.org/wiki/Special:FilePath/Marianne%20Dubois%20%C3%A9lys%C3%A9e.png;FALSCH;;duboismarianne;;WAHR
Marie Guévenoux;Q3292560;http://commons.wikimedia.org/wiki/Special:FilePath/Gu%C3%A9venoux%20-%20Evry%20-%202018-10-09%20-%20IMG%209319.jpg;FALSCH;;mguevenoux;;WAHR
Marie Lebec;Q30336075;http://commons.wikimedia.org/wiki/Special:FilePath/Marie%20Lebec.jpg;FALSCH;;MarieLebec78;;WAHR
Marie Silin;Q97704921;http://commons.wikimedia.org/wiki/Special:FilePath/Mariesilin.jpg;FALSCH;;mariesilin;;WAHR
Marie Tamarelle-Verhaeghe;Q30389524;;FALSCH;;marietamarelle;;WAHR
Marie-Ange Magne;Q30376809;;FALSCH;;MarieAngeMagne;;WAHR
Marie-Christine Dalloz;Q3291640;;WAHR;;;;WAHR
Marie-Christine Verdier-Jouclas;Q30342475;http://commons.wikimedia.org/wiki/Special:FilePath/Photo%20Marie-Christine%20Verdier-Jouclas.jpg;FALSCH;;VerdierJouclas;;WAHR
Marie-France Lorho;Q37946793;http://commons.wikimedia.org/wiki/Special:FilePath/Congr%C3%A8s%20UD%2084%20Don%20du%20Sang%20-%20Marie%20France%20Lorho%202.jpg;FALSCH;;FranceLorho;;WAHR
Marie-George Buffet;Q464029;http://commons.wikimedia.org/wiki/Special:FilePath/Marie-George%20Buffet%20en%202012.jpg;WAHR;;;;WAHR
Marie-Noëlle Battistel;Q3292159;;FALSCH;;BattistelMarie;;WAHR
Marie-Pierre Rixain;Q30388327;http://commons.wikimedia.org/wiki/Special:FilePath/Marie-Pierre%20Rixain%2002.jpg;FALSCH;;RixainMP;;WAHR
Marietta Karamanli;Q3293018;;FALSCH;;karamanli72;;WAHR
Marine Brenier;Q20991576;http://commons.wikimedia.org/wiki/Special:FilePath/Marine%20Brenier.jpg;FALSCH;;marinebrenier;;WAHR
Marine Le Pen;Q12927;http://commons.wikimedia.org/wiki/Special:FilePath/%D0%9C%D0%B0%D1%80%D0%B8%D0%BD%20%D0%9B%D0%B5%20%D0%9F%D0%B5%D0%BD%20%2828-01-2022%29.jpg;FALSCH;;MLP_officiel;;WAHR
Marion Lenne;Q30376256;http://commons.wikimedia.org/wiki/Special:FilePath/Marion%20LENNE%20-%20Mai%202020.jpg;FALSCH;;LenneHaute;;WAHR
Marjolaine Meynier-Millefert;Q30378641;http://commons.wikimedia.org/wiki/Special:FilePath/Marjolaine%20Meynier-Millefert.jpg;FALSCH;;M_MeynierM;;WAHR
Martine Leguille-Balloy;Q30376107;http://commons.wikimedia.org/wiki/Special:FilePath/Martine%20Leguille-Balloy.jpg;FALSCH;;LeguilleBalloy;;WAHR
Martine Wonner;Q30339343;http://commons.wikimedia.org/wiki/Special:FilePath/Martine%20Wonner%20par%20Claude%20Truong-Ngoc%20juillet%202017.jpg;FALSCH;;MartineWonner;;WAHR
Mathilde Panot;Q30343128;http://commons.wikimedia.org/wiki/Special:FilePath/Mathilde%20Panot%20en%202017.jpg;FALSCH;;MathildePanot;;WAHR
Matthieu Orphelin;Q30351663;http://commons.wikimedia.org/wiki/Special:FilePath/Matthieu%20Orphelin%20%28cropped%29.jpg;FALSCH;;M_Orphelin;;WAHR
Maud Gatel;Q71567030;;FALSCH;;maudgatel;;WAHR
Maud Petit;Q30511580;http://commons.wikimedia.org/wiki/Special:FilePath/Maud-Petit.jpg;FALSCH;;MaudPetit_AN94;;WAHR
Max Mathiasin;Q30378055;http://commons.wikimedia.org/wiki/Special:FilePath/Max%20Mathiasin.jpg;FALSCH;;MaxMathiasin;;WAHR
Maxime Minot;Q30509432;http://commons.wikimedia.org/wiki/Special:FilePath/Maxime%20Minot.jpg;FALSCH;;MaximeMinot;;WAHR
Meyer Habib;Q13426765;;FALSCH;;Meyer_Habib;;WAHR
Michel Castellani;Q30342903;http://commons.wikimedia.org/wiki/Special:FilePath/Michel%20Castellani.jpg;FALSCH;;Castellani_;;WAHR
Michel Delpon;Q30395630;;FALSCH;;DelponMichelEM;;WAHR
Michel Fanget;Q3309604;http://commons.wikimedia.org/wiki/Special:FilePath/Michel%20Fanget%20%283%29.jpg;FALSCH;;michelfanget;;WAHR
Michel Herbillon;Q924976;http://commons.wikimedia.org/wiki/Special:FilePath/Michel%20Herbillon%20lors%20de%20la%20c%C3%A9r%C3%A9monie%20du%208%20mai%202010-003.JPG;FALSCH;;MichelHerbillon;;WAHR
Michel Larive;Q30339323;http://commons.wikimedia.org/wiki/Special:FilePath/Michel%20LARIVE.jpg;FALSCH;;Michel_Larive;;WAHR
Michel Lauzzana;Q30497440;;FALSCH;;lauzzanamichel;;WAHR
Michel Vialay;Q3311073;http://commons.wikimedia.org/wiki/Special:FilePath/Michel-vialay-01.jpg;FALSCH;;MichelVialay;;WAHR
Michel Zumkeller;Q3311135;http://commons.wikimedia.org/wiki/Special:FilePath/2013-09-17%2021-17-14-meeting-nouveau-souffle-pour-belfort.jpg;FALSCH;;MichelZumkeller;;WAHR
Michèle Crouzet;Q30341493;http://commons.wikimedia.org/wiki/Special:FilePath/Mich%C3%A8le%20Crouzet.jpg;FALSCH;;MicheleCrouzet;;WAHR
Michèle de Vaucouleurs;Q30510266;;FALSCH;;MdeVaucouleurs;;WAHR
Michèle Peyron;Q30384972;http://commons.wikimedia.org/wiki/Special:FilePath/Mich%C3%A8le%20Peyron.jpg;FALSCH;;MichelePeyron;;WAHR
Michèle Tabarot;Q2254052;http://commons.wikimedia.org/wiki/Special:FilePath/Mich%C3%A8le%20Tabarot.jpg;FALSCH;;MTabarot;;WAHR
Michèle Victory;Q44742365;http://commons.wikimedia.org/wiki/Special:FilePath/Mvictory.jpg;FALSCH;;victory_michele;;WAHR
Mickaël Nogal;Q30496556;http://commons.wikimedia.org/wiki/Special:FilePath/Micka%C3%ABl%20Nogal%20%28cropped%29.jpg;FALSCH;;MickaelNogal;;WAHR
Mireille Clapot;Q30435693;http://commons.wikimedia.org/wiki/Special:FilePath/Mireille%20Clapot.jpg;FALSCH;;CLAPOTMireille;;WAHR
Mireille Robert;Q30347171;http://commons.wikimedia.org/wiki/Special:FilePath/Mireille%20Robert%20salles%20pas%20perdus%2019309.jpg;FALSCH;;MRobert_11;;WAHR
M'jid El Guerrab;Q30512286;http://commons.wikimedia.org/wiki/Special:FilePath/Image%202020-07-25%20at%2012.04.04.jpg;FALSCH;;mjidelguerrab;;WAHR
Moetai Brotherson;Q30350575;http://commons.wikimedia.org/wiki/Special:FilePath/Moetai-Charles%20Brotherson.jpg;FALSCH;;Moetai1;;WAHR
Mohamed Laqhila;Q30334718;http://commons.wikimedia.org/wiki/Special:FilePath/Mohamed%20Laqhila%2002.jpg;FALSCH;;laqhila;;WAHR
Monica Michel;Q30334791;;FALSCH;;MonicaMichel_Of;;WAHR
Monique Iborra;Q3320860;;FALSCH;;MoniqueIborra;;WAHR
Monique Limon;Q30339372;;FALSCH;;moniquelimon38;;WAHR
Mounir Mahjoubi;Q28105164;http://commons.wikimedia.org/wiki/Special:FilePath/Mounir%20Mahjoubi.jpg;FALSCH;;mounir;;WAHR
Muriel Ressiguier;Q30386985;http://commons.wikimedia.org/wiki/Special:FilePath/Muriel%20Ressiguier.jpg;FALSCH;;MRessiguier;;WAHR
Muriel Roques-Étienne;Q99676887;;FALSCH;;MRoquesetienne;;WAHR
Mustapha Laabid;Q30334210;http://commons.wikimedia.org/wiki/Special:FilePath/Photo%20Mustapha%20Laabid%20Portrait.jpg;FALSCH;;mustapha_laabid;;WAHR
Myriane Houplain;Q97165502;;FALSCH;;myrianehouplain;;WAHR
Nadia Essayan;Q30349130;http://commons.wikimedia.org/wiki/Special:FilePath/Nadia%20Essayan.jpg;FALSCH;;NadiaEssayan;;WAHR
Nadia Ramassamy;Q30334900;http://commons.wikimedia.org/wiki/Special:FilePath/Nadia%20Ramassamy%2002.jpg;WAHR;https://pbs.twimg.com/profile_images/1044922003684241409/JGu3utWo_normal.jpg;NadiaRamassamy;Députée de #LaRéunion. Commission des Affaires sociales. Médecin généraliste.;WAHR
Naïma Moutchou;Q30379800;;FALSCH;;NaimaMoutchou;;WAHR
Natalia Pouzyreff;Q30343070;http://commons.wikimedia.org/wiki/Special:FilePath/Photo%20Natalia%20wikip%C3%A9dia.jpg;FALSCH;;npouzyreff78;;WAHR
Nathalie Bassire;Q30334540;http://commons.wikimedia.org/wiki/Special:FilePath/Nathalie%20Bassire.jpg;FALSCH;;NathalieBassire;;WAHR
Nathalie Élimas;Q30511578;http://commons.wikimedia.org/wiki/Special:FilePath/NathalieAvyElimas.jpg;FALSCH;;AvyElimas;;WAHR
Nathalie Porte;Q63313474;;FALSCH;;nathporte;;WAHR
Nathalie Sarles;Q30390033;http://commons.wikimedia.org/wiki/Special:FilePath/Nathalie%20Sarles.jpg;FALSCH;;NathSarles;;WAHR
Nathalie Serre;Q96463563;;FALSCH;;NathalieSerre;;WAHR
Nicolas Démoulin;Q30449710;http://commons.wikimedia.org/wiki/Special:FilePath/Nicolas%20D%C3%A9moulin.jpg;FALSCH;;DemoulinEM;;WAHR
Nicolas Dupont-Aignan;Q12961;http://commons.wikimedia.org/wiki/Special:FilePath/Nicolas%20Dupont-Aignan%2C%20homme%20politique%20fran%C3%A7ais.jpg;FALSCH;;dupontaignan;;WAHR
Nicolas Forissier;Q3340330;http://commons.wikimedia.org/wiki/Special:FilePath/Minister%20of%20State%20for%20Agriculture%2C%20Food%20Processing%2C%20Fisheries%20and%20Rural%20Affairs%20of%20France%2C%20Nicolas%20Forissier.jpg;FALSCH;;N_Forissier;;WAHR
Nicolas Meizonnet;Q44508694;http://commons.wikimedia.org/wiki/Special:FilePath/Meizonnet.jpg;FALSCH;;NMeizonnet;;WAHR
Nicolas Turquois;Q30392038;http://commons.wikimedia.org/wiki/Special:FilePath/Nicolas%20Turquois.jpg http://commons.wikimedia.org/wiki/Special:FilePath/Nicolas%20Turquois.jpg;FALSCH;;TurquoisNicolas;;WAHR
Nicole Dubré-Chirat;Q30389178;http://commons.wikimedia.org/wiki/Special:FilePath/Nicole%20Dubret%20Chiratte%2018951.jpg;FALSCH;;NicoleDubre17;;WAHR
Nicole Le Peih;Q30435836;http://commons.wikimedia.org/wiki/Special:FilePath/Nicole%20Le%20Peih.jpg;FALSCH;;NicoleLePeih;;WAHR
Nicole Sanquer;Q20089164;http://commons.wikimedia.org/wiki/Special:FilePath/Nicole%20Sanquer.JPG;WAHR;https://pbs.twimg.com/profile_images/938542389601345536/UTZ0kNng_normal.jpg;nicole_sanquer;Députée de la 2e circonscription de Polynésie française /  Représentante à l’Assemblée de Polynésie française;WAHR
Nicole Trisse;Q30389070;http://commons.wikimedia.org/wiki/Special:FilePath/Nicole%20Trisse.jpg;FALSCH;;TrisseNicole;;WAHR
Olga Givernet;Q30334006;http://commons.wikimedia.org/wiki/Special:FilePath/Olga%20Givernet.jpg;FALSCH;;OlgaGivernet;;WAHR
Olivier Becht;Q30348845;http://commons.wikimedia.org/wiki/Special:FilePath/Olivier%20BECHT.jpg;FALSCH;;becht_olivier;;WAHR
Olivier Damaisin;Q30393009;http://commons.wikimedia.org/wiki/Special:FilePath/Olivier%20Damaisin%20Salel%204%20colonnes%2019357.jpg;FALSCH;;olivierdam1;;WAHR
Olivier Falorni;Q3351009;http://commons.wikimedia.org/wiki/Special:FilePath/Olivier%20Falorni%20%28cropped%29.jpg;FALSCH;;OlivierFalorni;;WAHR
Olivier Faure;Q3351018;http://commons.wikimedia.org/wiki/Special:FilePath/Portrait%20d%27Olivier%20Faure.jpg;FALSCH;;faureolivier;;WAHR
Olivier Gaillard;Q30349316;http://commons.wikimedia.org/wiki/Special:FilePath/Olivier%20gaillard%20AN%2016777.jpg;FALSCH;;OliveGaillard30;;WAHR
Olivier Hoarau;Q63607760;;WAHR;;HoarauOlivier1;;WAHR
Olivier Marleix;Q3351188;http://commons.wikimedia.org/wiki/Special:FilePath/Olivier%20Marleix.jpg;FALSCH;;oliviermarleix;;WAHR
Olivier Serva;Q30390327;http://commons.wikimedia.org/wiki/Special:FilePath/Olivier%20Serva.jpg;FALSCH;;olivier_serva;;WAHR
Pacôme Rupin;Q30349632;http://commons.wikimedia.org/wiki/Special:FilePath/Pacome-Rupin.jpg;FALSCH;;;;WAHR
Pascal Bois;Q30342487;;FALSCH;;PascalBoisLaREM;;WAHR
Pascal Brindeau;Q3367309;http://commons.wikimedia.org/wiki/Special:FilePath/Portrait%20Pascal%20Brindeau.JPG;FALSCH;;pascalbrindeau;;WAHR
Pascal Lavergne;Q57394737;http://commons.wikimedia.org/wiki/Special:FilePath/Pascal%20Lavergne.jpg;FALSCH;;pasclavergne;;WAHR
Pascale Boyer;Q30339200;http://commons.wikimedia.org/wiki/Special:FilePath/Pascale%20Boyer.jpg;FALSCH;;pascaleboyer05;;WAHR
Pascale Fontenel-Personne;Q30344388;http://commons.wikimedia.org/wiki/Special:FilePath/Pascale%20fontenel%20personne%2016394.JPG;FALSCH;;f_personne;;WAHR
Patrice Anato;Q30339245;http://commons.wikimedia.org/wiki/Special:FilePath/Patrice%20Anato%20%282019%29.jpg;FALSCH;;patrice_anato;;WAHR
Patrice Perrot;Q30343102;;WAHR;;;;WAHR
Patricia Lemoine;Q57394738;;FALSCH;;P_Lemoine;;WAHR
Patricia Mirallès;Q30497954;http://commons.wikimedia.org/wiki/Special:FilePath/Patricia%20Mirall%C3%A8s%20-%20Assembl%C3%A9e%20nationale.jpg;FALSCH;;MIRALLESMP;;WAHR
Patrick Hetzel;Q3369516;http://commons.wikimedia.org/wiki/Special:FilePath/Patrick%20HETZEL.JPG;FALSCH;;patrickhetzel;;WAHR
Patrick Loiseau;Q65458502;;FALSCH;;PLoiseau85;;WAHR
Patrick Mignola;Q30378878;http://commons.wikimedia.org/wiki/Special:FilePath/Patrick%20Mignola.JPG;FALSCH;;PatrickMignola;;WAHR
Patrick Vignal;Q3369924;http://commons.wikimedia.org/wiki/Special:FilePath/Patrick%20Vignal.jpg;FALSCH;;PatrickVignal;;WAHR
Paul Christophe;Q30433890;http://commons.wikimedia.org/wiki/Special:FilePath/Paul%20Christophe%20salle%204%20colonnes%2018990.jpg;FALSCH;;christophe_p;;WAHR
Paul Molac;Q3371854;http://commons.wikimedia.org/wiki/Special:FilePath/FIL%202013%20-%20remise%20des%20troph%C3%A9es%20championnat%20national%20des%20bagado%C3%B9%202013%20-%20Paul%20Molac.JPG;FALSCH;;Paul_Molac;;WAHR
Paula Forteza;Q30346873;http://commons.wikimedia.org/wiki/Special:FilePath/Paula%20Forteza%2002.jpg;FALSCH;;PaulaForteza;;WAHR
Paul-André Colombani;Q30342982;http://commons.wikimedia.org/wiki/Special:FilePath/Paul-Andr%C3%A9%20Colombani.jpg;FALSCH;;pacolombani;;WAHR
Perrine Goulet;Q30349381;http://commons.wikimedia.org/wiki/Special:FilePath/Perrine%20Goulet.jpg;FALSCH;;perrinegoulet;;WAHR
Philippe Benassaya;Q62077701;;FALSCH;;PhilipBenassaya;;WAHR
Philippe Berta;Q3379341;http://commons.wikimedia.org/wiki/Special:FilePath/Philippe%20Berta%2002.jpg;FALSCH;;PBertaGard;;WAHR
Philippe Bolo;Q30339415;http://commons.wikimedia.org/wiki/Special:FilePath/Philippe-Bolo.jpg;FALSCH;;phbolo;;WAHR
Philippe Chalumeau;Q30334130;http://commons.wikimedia.org/wiki/Special:FilePath/Philippe%20Chalumeau.jpg;FALSCH;;Chalumeau_P;;WAHR
Philippe Chassaing;Q30431548;http://commons.wikimedia.org/wiki/Special:FilePath/Philippe%20Chassaing.jpg;FALSCH;;ChassaingPh;;WAHR
Philippe Dunoyer;Q3379784;;FALSCH;;DunoyerPhilippe;;WAHR
Philippe Folliot;Q3379838;http://commons.wikimedia.org/wiki/Special:FilePath/Photo%20Philippe%20FOLLIOT.jpg;FALSCH;;philippefolliot;;WAHR
Philippe Gomès;Q3101372;;FALSCH;;PhilippeGomesCE;;WAHR
Philippe Gosselin;Q3379940;http://commons.wikimedia.org/wiki/Special:FilePath/Philippe%20Gosselin%201.JPG;FALSCH;;phgosselin;;WAHR
Philippe Huppé;Q30349495;;FALSCH;;PhilippeHuppe;;WAHR
Philippe Latombe;Q30349937;;FALSCH;;platombe;;WAHR
Philippe Meyer;Q63765776;;WAHR;;;;WAHR
Philippe Michel-Kleisbauer;Q30378762;http://commons.wikimedia.org/wiki/Special:FilePath/Philippe%20Michel-Kleisbauer%2002.jpg;FALSCH;;PhilippeMichelK;;WAHR
Philippe Naillet;Q22683833;;FALSCH;;PNaillet;;WAHR
Philippe Vigier;Q3380857;http://commons.wikimedia.org/wiki/Special:FilePath/Philippe%20Vigier%202015.jpg;FALSCH;;VigierPhilippe;;WAHR
Pierre Cabaré;Q30408131;;FALSCH;;PierreCabarefr;;WAHR
Pierre Cordier;Q30339222;;FALSCH;;CORDIERPierre08;;WAHR
Pierre Dharréville;Q30334188;http://commons.wikimedia.org/wiki/Special:FilePath/Pierre%20Dharr%C3%A9ville%20.jpg;FALSCH;;pdharreville;;WAHR
Pierre Henriet;Q30349445;http://commons.wikimedia.org/wiki/Special:FilePath/Pierre-Henriet.jpg;FALSCH;;HenrietPierre;;WAHR
Pierre Morel-A-L'Huissier;Q1192864;http://commons.wikimedia.org/wiki/Special:FilePath/Pierre%20Morel-A-L%27Huissier.jpg;FALSCH;;morelpierre;;WAHR
Pierre Person;Q30496487;http://commons.wikimedia.org/wiki/Special:FilePath/LOGO%20BlaBlaCarBIG.png;FALSCH;;Pierr_Person;;WAHR
Pierre Vatin;Q30506341;;FALSCH;;PierreVatinOff;;WAHR
Pierre Venteau;Q67080238;;FALSCH;;PierreVenteau;;WAHR
Pierre-Alain Raphan;Q30386361;;FALSCH;;p_a_raphan;;WAHR
Pierre-Henri Dumont;Q30506365;http://commons.wikimedia.org/wiki/Special:FilePath/Pierre-Henri%20Dumont%2002.jpg;FALSCH;;phdumont;;WAHR
Pierre-Yves Bournazel;Q16669934;http://commons.wikimedia.org/wiki/Special:FilePath/Bournazel.png;FALSCH;;pybournazel;;WAHR
Pieyre-Alexandre Anglade;Q30342405;http://commons.wikimedia.org/wiki/Special:FilePath/Pieyre-Alexandre%20Anglade%20%28cropped%29.jpg;FALSCH;;PA_Anglade;;WAHR
Ramlati Ali;Q30338888;;WAHR;https://pbs.twimg.com/profile_images/1566711753362251781/cnH7n6y6_normal.jpg;RamlatiAli;Ancienne députée de la 1ère circonscription de Mayotte;WAHR
Raphaël Gauvain;Q30505626;http://commons.wikimedia.org/wiki/Special:FilePath/RG%20fdsea%20%28cropped%29.jpg;FALSCH;;RaphaelGauvain;;WAHR
Raphaël Gérard;Q30349124;http://commons.wikimedia.org/wiki/Special:FilePath/Rapha%C3%ABl%20G%C3%A9rard.jpg;FALSCH;;RaphaelGerard17;;WAHR
Raphaël Schellenberger;Q30336912;http://commons.wikimedia.org/wiki/Special:FilePath/Rapha%C3%ABl%20Schellenberger%20%28cropped%29.jpg;FALSCH;;rscactu;;WAHR
Régis Juanico;Q3455745;http://commons.wikimedia.org/wiki/Special:FilePath/PortraitRJuanico.jpg http://commons.wikimedia.org/wiki/Special:FilePath/R%C3%A9gis%20Juanico%202.jpg;FALSCH;;Juanico;;WAHR
Rémi Delatte;Q2597745;http://commons.wikimedia.org/wiki/Special:FilePath/R%C3%A9mi%20Delatte%20%28cropped%29.jpg;WAHR;;;;WAHR
Rémy Rebeyrotte;Q30332919;http://commons.wikimedia.org/wiki/Special:FilePath/R%C3%A9my%20Rebeyrotte.jpg;FALSCH;;RRebeyrotte;;WAHR
Richard Ferrand;Q3430759;http://commons.wikimedia.org/wiki/Special:FilePath/%C3%89changes%20avec%20Richard%20Ferrand%2C%20Pr%C3%A9sident%20de%20l%27Assembl%C3%A9e%20nationale%2C%20%C3%A0%20la%20Facult%C3%A9%20de%20droit%20Paris-Est%2001%20%28cropped%202%29.jpg;FALSCH;;RichardFerrand;;WAHR
Richard Lioger;Q30525143;http://commons.wikimedia.org/wiki/Special:FilePath/Richard%20Lioger.jpg http://commons.wikimedia.org/wiki/Special:FilePath/Richard%20Lioger.jpg;FALSCH;;RichardLioger;;WAHR
Richard Ramos;Q30386268;;FALSCH;;_richardramos;;WAHR
Robert Therry;Q63763983;;WAHR;;;;WAHR
Robin Reda;Q30386710;http://commons.wikimedia.org/wiki/Special:FilePath/Robin%20Reda.jpg;FALSCH;;robinreda;;WAHR
Rodrigue Kokouendo;Q30349575;http://commons.wikimedia.org/wiki/Special:FilePath/Rodrigue%20Kokouendo.jpg;FALSCH;;RKokouendoJ;;WAHR
Roland Lescure;Q30130489;http://commons.wikimedia.org/wiki/Special:FilePath/Roland%20Lescure%20au%20lib.%20du%20square%20Outremont%20--%201.png;FALSCH;;RolandLescure;;WAHR
Romain Grau;Q30103202;http://commons.wikimedia.org/wiki/Special:FilePath/Romain%20Grau%20en%202022.jpg;FALSCH;;RomainGrau;;WAHR
Sabine Rubin;Q30388848;http://commons.wikimedia.org/wiki/Special:FilePath/Sabine%20Rubin%20en%202017.jpg;FALSCH;;SabineRubinFI93;;WAHR
Sabine Thillaye;Q30335895;http://commons.wikimedia.org/wiki/Special:FilePath/Sabine%20Thillaye%20%C3%A0%20l%27Assembl%C3%A9e%20nationale.jpg;FALSCH;;SabineThillaye;;WAHR
Sacha Houlié;Q30349465;http://commons.wikimedia.org/wiki/Special:FilePath/Sacha%20Houli%C3%A9%2002%20%28cropped%29.jpg http://commons.wikimedia.org/wiki/Special:FilePath/Sacha%20Houli%C3%A9%2002%20%28cropped%29.jpg;FALSCH;;SachaHoulie;;WAHR
Saïd Ahamada;Q30334953;http://commons.wikimedia.org/wiki/Special:FilePath/Sa%C3%AFd%20Ahamada.jpg;FALSCH;;saidahamada;;WAHR
Sandra Boëlle;Q95680122;;FALSCH;;SBoelle;;WAHR
Sandra Marsaud;Q30349074;http://commons.wikimedia.org/wiki/Special:FilePath/Sandra%20Marsaud%202019.jpg;FALSCH;;MARSAUDSandra;;WAHR
Sandrine Josso;Q30343090;;FALSCH;;sandrinejossoAN;;WAHR
Sandrine Le Feur;Q30339295;;FALSCH;;SandrineLeFeur;;WAHR
Sandrine Mörch;Q30344568;;FALSCH;;SandrineMorch;;WAHR
Sarah Taillebois;Q96631873;;FALSCH;;SarahTaillebois;;WAHR
Sébastien Cazenove;Q30229514;http://commons.wikimedia.org/wiki/Special:FilePath/S%C3%A9bastien%20Cazenove.jpg;FALSCH;;SCazenove;;WAHR
Sébastien Chenu;Q21294609;http://commons.wikimedia.org/wiki/Special:FilePath/Denain%20-%20S%C3%A9bastien%20Chenu%20lors%20du%20conseil%20municipal%20du%2027%20juin%202016%20%28cropped%29.JPG;FALSCH;;sebchenu;;WAHR
Sébastien David;Q98251488;;WAHR;;;;WAHR
Sébastien Huyghe;Q3510140;http://commons.wikimedia.org/wiki/Special:FilePath/S%C3%A9bastien%20Huyghe%20%28photo%20version%202%29.jpg;FALSCH;;SebastienHuyghe;;WAHR
Sébastien Jumel;Q3510156;http://commons.wikimedia.org/wiki/Special:FilePath/SJumel.jpg;FALSCH;;sebastienjumel;;WAHR
Sébastien Leclerc;Q30339344;http://commons.wikimedia.org/wiki/Special:FilePath/PHOTO%20SEBASTIEN%20LECLERC.jpg;FALSCH;;SebLeclerc14;;WAHR
Sébastien Nadot;Q3476900;http://commons.wikimedia.org/wiki/Special:FilePath/S.Nadot1.jpg;FALSCH;;Sebastien_Nadot;;WAHR
Sereine Mauborgne;Q30378312;http://commons.wikimedia.org/wiki/Special:FilePath/Sereine%20Mauborgne%20%C3%A0%20l%27OSCE.jpg;FALSCH;;SereineEnMarche;;WAHR
Séverine Gipson;Q30729409;;FALSCH;;severine_gipson;;WAHR
Sira Sylla;Q30390791;http://commons.wikimedia.org/wiki/Special:FilePath/Sira%20Sylla.jpg;FALSCH;;sirasylla76;;WAHR
Sonia Krimi;Q30349588;http://commons.wikimedia.org/wiki/Special:FilePath/Sonia%20Krimi%2C%202017%20%28cropped%29.jpg;FALSCH;;Sonia_Krimi;;WAHR
Sophie Beaudouin-Hubière;Q30339363;http://commons.wikimedia.org/wiki/Special:FilePath/Sophie%20Beaudouin-Hubi%C3%A8re%20%C3%A0%20France%20Bleu%20Limousin%20le%2007-10-21.jpg;FALSCH;;BeaudouinSo;;WAHR
Sophie Errante;Q3490926;http://commons.wikimedia.org/wiki/Special:FilePath/Sophie%20Errante.jpg;FALSCH;;SophieErrante;;WAHR
Sophie Metadier;Q65592981;http://commons.wikimedia.org/wiki/Special:FilePath/Sophie%20M%C3%A9tadier%202.jpg;FALSCH;;SMetadier;;WAHR
Sophie Mette;Q30490415;http://commons.wikimedia.org/wiki/Special:FilePath/Sophie%20Mette%2C%20Guidel%202019.png;FALSCH;;SophieMette1;;WAHR
Sophie Panonacle;Q30505891;;FALSCH;;SPanonacle;;WAHR
Souad Zitouni;Q88977914;;FALSCH;;ZITOUNISouad3;;WAHR
Stanislas Guerini;Q30343112;http://commons.wikimedia.org/wiki/Special:FilePath/Stanislas%20guerini%20AN%2016475.JPG;FALSCH;;StanGuerini;;WAHR
Stella Dupont;Q30506490;http://commons.wikimedia.org/wiki/Special:FilePath/Stella%20Dupont.jpg;FALSCH;;stelladupont;;WAHR
Stéphane Baudu;Q57394735;;FALSCH;;baudu_stephane;;WAHR
Stéphane Buchou;Q30342812;http://commons.wikimedia.org/wiki/Special:FilePath/St%C3%A9phane%20Buchou%2002.jpg;FALSCH;;StephaneBuchou;;WAHR
Stéphane Claireaux;Q17332884;http://commons.wikimedia.org/wiki/Special:FilePath/St%C3%A9phaneClaireaux.jpg;FALSCH;;sclaireaux;;WAHR
Stéphane Demilly;Q3501722;http://commons.wikimedia.org/wiki/Special:FilePath/FIERS%20ALBERTINS%2815%29.JPG;WAHR;;;;WAHR
Stéphane Mazars;Q3501943;http://commons.wikimedia.org/wiki/Special:FilePath/St%C3%A9phane%20Mazars%20%28cropped%29.jpg;FALSCH;;S_Mazars;;WAHR
Stéphane Peu;Q30380891;http://commons.wikimedia.org/wiki/Special:FilePath/St%C3%A9phane%20Peu.jpg;FALSCH;;stephane1peu;;WAHR
Stéphane Testé;Q30391338;;FALSCH;;stephane_teste;;WAHR
Stéphane Travert;Q3502105;http://commons.wikimedia.org/wiki/Special:FilePath/St%C3%A9phane%20Travert%2019059%20salle%204%20colonnes.jpg;FALSCH;;StTRAVERT;;WAHR
Stéphane Trompille;Q30337284;http://commons.wikimedia.org/wiki/Special:FilePath/Stephane%20Trompille%2018881%20salle%204%20colonnes.jpg;FALSCH;;S_Trompille;;WAHR
Stéphane Viry;Q30509463;http://commons.wikimedia.org/wiki/Special:FilePath/Stephane%20Viry%20salle%204%20colonnes%2018874.jpg;FALSCH;;ViryStephane;;WAHR
Stéphane Vojetta;Q108823633;;FALSCH;;StephaneVojetta;;WAHR
Stéphanie Atger;Q62606907;http://commons.wikimedia.org/wiki/Special:FilePath/St%C3%A9phanie%20Atger%20%C3%A0%20la%2078e%20c%C3%A9r%C3%A9monie%20du%206%20f%C3%A9vrier%201944.jpg;FALSCH;;StephanieAtger;;WAHR
Stéphanie Do;Q30453870;http://commons.wikimedia.org/wiki/Special:FilePath/Photo%20St%C3%A9phanie%20DO.jpg;FALSCH;;DoStephanie_77;;WAHR
Stéphanie Kerbarh;Q30349549;http://commons.wikimedia.org/wiki/Special:FilePath/St%C3%A9phanie%20Kerbarh.jpg;FALSCH;;SKerbarh;;WAHR
Stéphanie Rist;Q30339281;http://commons.wikimedia.org/wiki/Special:FilePath/St%C3%A9phanie%20Rist.jpg;FALSCH;;stephanie_rist;;WAHR
Sylvain Brial;Q54413736;;FALSCH;;SylvainBrial;;WAHR
Sylvain Maillard;Q30239185;http://commons.wikimedia.org/wiki/Special:FilePath/Sylvain-Maillard.jpg;FALSCH;;SylvainMaillard;;WAHR
Sylvain Templier;Q97704924;http://commons.wikimedia.org/wiki/Special:FilePath/Sylvain%20Templier.jpg;FALSCH;;sylv1templier;;WAHR
Sylvain Waserman;Q30339476;http://commons.wikimedia.org/wiki/Special:FilePath/Sylvain%20Waserman%20par%20Claude%20Truong-Ngoc%20juillet%202017.jpg;FALSCH;;SylvainWaserman;;WAHR
Sylvia Pinel;Q467943;http://commons.wikimedia.org/wiki/Special:FilePath/Sylvia%20Pinel%20par%20Claude%20Truong-Ngoc%20avril%202015.jpg;FALSCH;;SylviaPinel;;WAHR
Sylvie Bellecourt;Q62077414;;FALSCH;;SBouchetB;;WAHR
Sylvie Charrière;Q30348935;http://commons.wikimedia.org/wiki/Special:FilePath/Sylvie%20Charri%C3%A8re.jpg;FALSCH;;SylvieCharriere;;WAHR
Sylvie Tolmont;Q3507399;http://commons.wikimedia.org/wiki/Special:FilePath/Stolmont.jpg;FALSCH;;SylvieTolmont;;WAHR
Thibault Bazin;Q30342506;;FALSCH;;thibault_bazin;;WAHR
Thierry Benoit;Q3182341;http://commons.wikimedia.org/wiki/Special:FilePath/Thierry%20Benoit%20en%20Juin%202014%20%C3%A0%20Saint-Aubin%20du%20Cormier.jpg http://commons.wikimedia.org/wiki/Special:FilePath/Thierry%20Benoit%20en%20Juin%202014%20%C3%A0%20Saint-Aubin%20du%20Cormier.jpg;FALSCH;;ThierryBenoit35;;WAHR
Thierry Michels;Q30339402;http://commons.wikimedia.org/wiki/Special:FilePath/Thierry%20Michels%2003%20%28cropped%29.jpg;FALSCH;;ThierryMichels;;WAHR
Thierry Solère;Q3524518;http://commons.wikimedia.org/wiki/Special:FilePath/Thierry%20Sol%C3%A8re%20%284500081828%29.jpg;FALSCH;;solere92;;WAHR
Thomas Gassilloud;Q30349354;http://commons.wikimedia.org/wiki/Special:FilePath/Thomas%20Gassilloud.jpg;FALSCH;;tgassilloud;;WAHR
Thomas Mesnier;Q30349019;http://commons.wikimedia.org/wiki/Special:FilePath/Thomas%20Mesnier%2016881.JPG;FALSCH;;TMesnier;;WAHR
Thomas Rudigoz;Q30389738;;FALSCH;;trudigoz;;WAHR
Typhanie Degois;Q30337897;http://commons.wikimedia.org/wiki/Special:FilePath/Typhanie%20Degois%2C%201%C3%A8re%20d%C3%A9put%C3%A9e%20de%20Savoie.jpg;FALSCH;;Typhanie_Degois;;WAHR
Ugo Bernalicis;Q30339370;http://commons.wikimedia.org/wiki/Special:FilePath/R%C3%A9union%20publique%20FI%2C%20Le%20Creusot%2C%2015%20May%202019%20-%2001%20%28cropped%29.jpg;FALSCH;;Ugobernalicis;;WAHR
Valéria Faure-Muntian;Q30349248;http://commons.wikimedia.org/wiki/Special:FilePath/Val%C3%A9ria%20Faure-Muntian.jpg;FALSCH;;V_Faure_Muntian;;WAHR
Valérie Bazin-Malgras;Q30333733;http://commons.wikimedia.org/wiki/Special:FilePath/Val%C3%A9rie%20Bazin-Malgras%2C%20en%20mars%202018.jpg;FALSCH;;VBazinMalgras;;WAHR
Valérie Beauvais;Q30339364;http://commons.wikimedia.org/wiki/Special:FilePath/Val%C3%A9rie%20beauvais%2017425.jpg;FALSCH;;valbeauvais;;WAHR
Valérie Boyer;Q465989;http://commons.wikimedia.org/wiki/Special:FilePath/Val%C3%A9rie%20Boyer.jpg;FALSCH;;valerieboyer13;;WAHR
Valérie Gomez-Bassac;Q30389422;;FALSCH;;VGB83;;WAHR
Valérie Oppelt;Q30337138;http://commons.wikimedia.org/wiki/Special:FilePath/Valerie%20Oppelt%2016299.jpg;FALSCH;;valerie_oppelt;;WAHR
Valérie Petit;Q30343220;http://commons.wikimedia.org/wiki/Special:FilePath/Val%C3%A9rie%20Petit.jpg;FALSCH;;ValeriePetit_AN;;WAHR
Valérie Rabault;Q3554304;http://commons.wikimedia.org/wiki/Special:FilePath/Val%C3%A9rie%20Rabault.jpg;FALSCH;;Valerie_Rabault;;WAHR
Valérie Six;Q63106633;;FALSCH;;six_valerie;;WAHR
Valérie Thomas;Q30336818;http://commons.wikimedia.org/wiki/Special:FilePath/Val%C3%A9rie%20Thomas.jpg;FALSCH;;Vthomas_63;;WAHR
Véronique Hammerer;Q30513127;http://commons.wikimedia.org/wiki/Special:FilePath/V%C3%A9ronique%20Hammerer%202.jpg;FALSCH;;V_Hammerer;;WAHR
Véronique Louwagie;Q3564331;http://commons.wikimedia.org/wiki/Special:FilePath/V%C3%A9ronique%20Louwagie%20%28cropped%29.jpg;FALSCH;;VeroLouwagie;;WAHR
Véronique Riotton;Q30388169;http://commons.wikimedia.org/wiki/Special:FilePath/V%C3%A9ronique%20Riotton%20.tif;FALSCH;;v_riotton;;WAHR
Victor Habert-Dassault;Q107126233;;WAHR;;;;WAHR
Vincent Bru;Q30350683;http://commons.wikimedia.org/wiki/Special:FilePath/Vincent%20Bru%2003.jpg;FALSCH;;bru_vincent;;WAHR
Vincent Descœur;Q3559584;http://commons.wikimedia.org/wiki/Special:FilePath/Vincent%20Desc%C5%93ur.jpg;FALSCH;;VincentDescoeur;;WAHR
Vincent Ledoux;Q23384045;http://commons.wikimedia.org/wiki/Special:FilePath/Vincent%20LEDOUX.jpg;FALSCH;;VincentLedoux59;;WAHR
Vincent Rolland;Q3559821;http://commons.wikimedia.org/wiki/Special:FilePath/Vincent-rolland73Savoie.jpg;FALSCH;;VRolland73;;WAHR
Vincent Thiébaut;Q30348526;http://commons.wikimedia.org/wiki/Special:FilePath/Vincent%20Thi%C3%A9baut%20par%20Claude%20Truong-Ngoc%20juillet%202017.jpg;FALSCH;;VincentThiebaut;;WAHR
Virginie Duby-Muller;Q3560729;http://commons.wikimedia.org/wiki/Special:FilePath/Virginie%20Duby-Muller.JPG;FALSCH;;DubyMuller;;WAHR
Xavier Batut;Q30348761;http://commons.wikimedia.org/wiki/Special:FilePath/Xavier%20Batut.jpg;FALSCH;;XavierBatut;;WAHR
Xavier Breton;Q427080;;FALSCH;;bretonxavier;;WAHR
Xavier Paluszkiewicz;Q30525074;http://commons.wikimedia.org/wiki/Special:FilePath/Xavier%20Paluszkiewicz%20%28cropped%29.jpg;FALSCH;;XavierPalu2022;;WAHR
Xavier Roseren;Q30505632;http://commons.wikimedia.org/wiki/Special:FilePath/Xavier%20Roseren.jpg;FALSCH;;XavierRoseren;;WAHR
Yaël Braun-Pivet;Q30339422;http://commons.wikimedia.org/wiki/Special:FilePath/Ya%C3%ABl%20Braun-Pivet%204colonnes%2019182.jpg;FALSCH;;YaelBRAUNPIVET;;WAHR
Yannick Favennec;Q3571749;http://commons.wikimedia.org/wiki/Special:FilePath/Yannick%20FAVENNEC%20d%C3%A9put%C3%A9%20de%20la%20Mayenne.jpg;FALSCH;;yfavennec;;WAHR
Yannick Haury;Q30349437;;FALSCH;;YHaury44;;WAHR
Yannick Kerlogot;Q30349347;;FALSCH;;ykerlogot;;WAHR
Yolaine de Courson;Q30339275;http://commons.wikimedia.org/wiki/Special:FilePath/Yolaine%20de%20Courson%203.jpg;WAHR;https://pbs.twimg.com/profile_images/1524663009901260801/S5tn946a_normal.jpg;yodecourson;???Députée de Côte-d’Or ?? Membre des Commissions du dév. durable ?? & des Aff. européennes ???? Présidente du groupe d'étude Enjeux de la ruralité @MoDem;WAHR
Yves Blein;Q12943;;FALSCH;;yves_blein;;WAHR
Yves Daniel;Q3573589;http://commons.wikimedia.org/wiki/Special:FilePath/Yves%20Daniel%20%28cropped%29.jpg;FALSCH;;ydaniel_depute;;WAHR
Yves Hemedinger;Q63765586;http://commons.wikimedia.org/wiki/Special:FilePath/Yves%20Hemedinger%20juin%202022.jpg;FALSCH;;YvesHemedinger;;WAHR
Zivka Park;Q30380724;http://commons.wikimedia.org/wiki/Special:FilePath/Zivka%20Park.jpg;FALSCH;;zivkapark;;WAHR
